Block,Day,Plate,Column,Time,Diet,Parasites.x,Clone,Rep,chlorophyll.avg,Length,Parasites.y,chlorophyll.nodaphnia,volume,Clearance,Clearance_rel
1,7,1,1,8.65,SM,Uninf,MID,1,24.375,882.37,Uninf,27.625,10,0.144697275091336,0.185848424908754
1,7,1,2,8.65,SM,Uninf,MID,2,20.75,1020.42,Uninf,27.625,10,0.330838049897352,0.317729491754454
1,7,1,3,8.65,SM,Uninf,MID,3,25.5,992.09,Uninf,27.625,10,0.092534922165938,0.0940163788532019
1,7,1,4,8.65,SM,Uninf,MID,4,30.5,978.94,Uninf,27.625,10,-0.114457252919594,-0.119434877784935
1,7,1,5,8.65,SM,Uninf,MID,5,24,987.26,Uninf,27.625,10,0.162621190161816,0.166845328876693
1,7,1,6,8.65,SM,Uninf,STD,1,27.375,995.83,Uninf,27.625,10,0.0105097938742797,0.0105979968807573
1,7,1,7,8.65,SM,Uninf,STD,2,24.625,909.11,Uninf,27.625,10,0.132900546566201,0.160802907552072
1,7,1,8,8.65,SM,Uninf,STD,3,27.375,1114.72,Uninf,27.625,10,0.0105097938742797,0.00845790128475734
1,7,1,9,8.65,SM,Uninf,STD,4,26.125,1028.59,Uninf,27.625,10,0.064541560176811,0.0610035156067046
1,7,1,10,8.65,SM,Uninf,STD,5,22.125,899.73,Uninf,27.625,10,0.256662391842686,0.317057356301688
1,7,2,1,8.73333333333333,SM,Pasteuria,MID,1,16.75,913.04,Pasteuria,21.875,10,0.305663557983896,0.366660440249918
1,7,2,2,8.73333333333333,SM,Pasteuria,MID,2,16.5,1001.87,Pasteuria,21.875,10,0.32288250153108,0.321678299812933
1,7,2,3,8.73333333333333,SM,Pasteuria,MID,3,17.875,949.48,Pasteuria,21.875,10,0.231230546179703,0.256491845726189
1,7,2,4,8.73333333333333,SM,Pasteuria,MID,4,20.75,998.65,Pasteuria,21.875,10,0.060455937672104,0.0606194998426407
1,7,2,5,8.73333333333333,SM,Pasteuria,MID,5,19.625,913.64,Pasteuria,21.875,10,0.124282635773137,0.148888188136017
1,7,2,6,8.73333333333333,SM,Pasteuria,STD,1,20.625,999.39,Pasteuria,21.875,10,0.0673746183468707,0.067456890652758
1,7,2,7,8.73333333333333,SM,Pasteuria,STD,2,18.5,969.53,Pasteuria,21.875,10,0.191878282625266,0.204128347072138
1,7,2,8,8.73333333333333,SM,Pasteuria,STD,3,21.75,865.18,Pasteuria,21.875,10,0.00656184126983057,0.0087662283167589
1,7,2,9,8.73333333333333,SM,Pasteuria,STD,4,21.875,1089.85,Pasteuria,21.875,10,0,0
1,7,2,10,8.73333333333333,SM,Pasteuria,STD,5,21.125,973.5,Pasteuria,21.875,10,0.0399472431302754,0.042151681216622
1,7,3,1,8.73333333333333,S,Uninf,STD,1,27,1054.84,Uninf,41.5,10,0.492202169349989,0.442354391741756
1,7,3,2,8.73333333333333,S,Uninf,STD,2,29.625,1087.81,Uninf,41.5,10,0.385963543261096,0.326167129061944
1,7,3,3,8.73333333333333,S,Uninf,STD,3,27.875,1048.01,Uninf,41.5,10,0.455683050522561,0.414889096648657
1,7,3,4,8.73333333333333,S,Uninf,STD,4,26.25,1053.14,Uninf,41.5,10,0.524458898701168,0.472867255993784
1,7,3,5,8.73333333333333,S,Uninf,STD,5,30.25,1044.04,Uninf,41.5,10,0.362057911557025,0.332157272766614
1,7,3,6,8.73333333333333,S,Uninf,MID,1,34.25,933.28,Uninf,41.5,10,0.219855186101242,0.252413626410543
1,7,3,7,8.73333333333333,S,Uninf,MID,2,31.625,976.68,Uninf,41.5,10,0.311158946781261,0.326195303419995
1,7,3,8,8.73333333333333,S,Uninf,MID,3,35.875,999.12,Uninf,41.5,10,0.166777961630001,0.167071878756149
1,7,3,9,8.73333333333333,S,Uninf,MID,4,31.25,923.45,Uninf,41.5,10,0.324817615710964,0.380901605198263
1,7,3,10,8.73333333333333,S,Uninf,MID,5,45.5,983.76,Uninf,41.5,10,-0.105365151206396,-0.108872620103837
1,7,4,1,8.8,S,Pasteuria,STD,1,24.25,1014.61,Pasteuria,40,10,0.568707769011868,0.552447336786782
1,7,4,2,8.8,S,Pasteuria,STD,2,26.875,1004.04,Pasteuria,40,10,0.451912463256943,0.448283019761137
1,7,4,3,8.8,S,Pasteuria,STD,3,24.625,1050.05,Pasteuria,40,10,0.551269621654299,0.49997018007752
1,7,4,4,8.8,S,Pasteuria,STD,4,28.5,1017.45,Pasteuria,40,10,0.38519928049924,0.372099695827241
1,7,4,5,8.8,S,Pasteuria,STD,5,30.75,1064.59,Pasteuria,40,10,0.29885165893342,0.263688327822169
1,7,4,6,8.8,S,Pasteuria,MID,1,31.5,1017.66,Pasteuria,40,10,0.271468077593578,0.26212796649997
1,7,4,7,8.8,S,Pasteuria,MID,2,29.5,933.21,Pasteuria,40,10,0.346010444054729,0.397310863547191
1,7,4,8,8.8,S,Pasteuria,MID,3,39.5,945.93,Pasteuria,40,10,0.0142940706896138,0.0159748918624934
1,7,4,9,8.8,S,Pasteuria,MID,4,32.75,1037.76,Pasteuria,40,10,0.227246013673495,0.211009699800792
1,7,4,10,8.8,S,Pasteuria,MID,5,38,987.08,Pasteuria,40,10,0.0582878345313075,0.0598236925943048
1,7,5,1,8.26666666666667,M,Uninf,MID,1,10.875,873.08,Uninf,7.875,10,-0.390451684189175,-0.512223171639357
1,7,5,2,8.26666666666667,M,Uninf,MID,2,9.375,937.52,Uninf,7.875,10,-0.21091135541707,-0.239960014871356
1,7,5,3,8.26666666666667,M,Uninf,MID,3,10,1006.71,Uninf,7.875,10,-0.288982147115745,-0.285142693870835
1,7,5,4,8.26666666666667,M,Uninf,MID,4,9.375,886.91,Uninf,7.875,10,-0.21091135541707,-0.268127191631413
1,7,5,5,8.26666666666667,M,Uninf,MID,5,10.125,869,Uninf,7.875,10,-0.304009389049483,-0.402575595203517
1,7,5,6,8.26666666666667,M,Uninf,STD,1,9.875,978.23,Uninf,7.875,10,-0.273765878317124,-0.286086498665036
1,7,5,7,8.26666666666667,M,Uninf,STD,2,9.375,944.28,Uninf,7.875,10,-0.21091135541707,-0.236536616359037
1,7,5,8,8.26666666666667,M,Uninf,STD,3,10.25,918.78,Uninf,7.875,10,-0.318852242991194,-0.377716894710082
1,7,5,9,8.26666666666667,M,Uninf,STD,4,8.375,926.25,Uninf,7.875,10,-0.0744651931444756,-0.0867954338475823
1,7,5,10,8.26666666666667,M,Uninf,STD,5,9.625,944.85,Uninf,7.875,10,-0.242746809026796,-0.271911637253095
1,7,6,1,8.31666666666667,M,Pasteuria,MID,1,8.625,931.87,Pasteuria,9.125,10,0.0677590419452486,0.078029099631117
1,7,6,2,8.31666666666667,M,Pasteuria,MID,2,8.625,934.01,Pasteuria,9.125,10,0.0677590419452486,0.0776719493251241
1,7,6,3,8.31666666666667,M,Pasteuria,MID,3,9.75,935.75,Pasteuria,9.125,10,-0.079658579809059,-0.090973077749046
1,7,6,4,8.31666666666667,M,Pasteuria,MID,4,9.125,924.95,Pasteuria,9.125,10,0,0
1,7,6,5,8.31666666666667,M,Pasteuria,MID,5,8.75,857.14,Pasteuria,9.125,10,0.0504579548284954,0.0686793408225167
1,7,6,6,8.31666666666667,M,Pasteuria,STD,1,9.75,909.56,Pasteuria,9.125,10,-0.079658579809059,-0.0962874872450034
1,7,6,7,8.31666666666667,M,Pasteuria,STD,2,8.875,947.31,Pasteuria,9.125,10,0.0334022814914735,0.0372213300521927
1,7,6,8,8.31666666666667,M,Pasteuria,STD,3,9.75,978.33,Pasteuria,9.125,10,-0.079658579809059,-0.0832265356048685
1,7,6,9,8.31666666666667,M,Pasteuria,STD,4,10.25,922.16,Pasteuria,9.125,10,-0.139791350039113,-0.164387101816153
1,7,6,10,8.31666666666667,M,Pasteuria,STD,5,10.25,952.73,Pasteuria,9.125,10,-0.139791350039113,-0.154007055559822
1,7,7,1,8.16666666666667,M+,Uninf,MID,1,10.125,929.39,Uninf,11,10,0.101495093639716,0.117503027924989
1,7,7,2,8.16666666666667,M+,Uninf,MID,2,10.125,860.32,Uninf,11,10,0.101495093639716,0.137127642703219
1,7,7,3,8.16666666666667,M+,Uninf,MID,3,9.625,778.73,Uninf,11,10,0.163507827703497,0.269627842706641
1,7,7,4,8.16666666666667,M+,Uninf,MID,4,10.625,905.74,Uninf,11,10,0.0424721118219064,0.0517722166776624
1,7,7,5,8.16666666666667,M+,Uninf,MID,5,9.375,923.31,Uninf,11,10,0.195733103194159,0.229598582798265
1,7,7,6,8.16666666666667,M+,Uninf,STD,1,10,900.46,Uninf,11,10,0.116706342617541,0.143934733582154
1,7,7,7,8.16666666666667,M+,Uninf,STD,2,9.375,891.66,Uninf,11,10,0.195733103194159,0.246187338030448
1,7,7,8,8.16666666666667,M+,Uninf,STD,3,9.75,999.53,Uninf,11,10,0.147707740149324,0.147846683372362
1,7,7,9,8.16666666666667,M+,Uninf,STD,4,10,956.24,Uninf,11,10,0.116706342617541,0.1276323148987
1,7,8,1,8.2,M+,Pasteuria,MID,1,10.125,924.27,Pasteuria,11.125,10,0.114862457389879,0.134456062703784
1,7,8,2,8.2,M+,Pasteuria,MID,2,10.25,747.93,Pasteuria,11.125,10,0.0998989298388863,0.178582512590706
1,7,8,3,8.2,M+,Pasteuria,MID,3,11,941.83,Pasteuria,11.125,10,0.0137799454316259,0.0155346852381453
1,7,8,5,8.2,M+,Pasteuria,MID,5,11.375,880.89,Pasteuria,11.125,10,-0.0271013863228172,-0.0349259435176283
1,7,8,6,8.2,M+,Pasteuria,STD,1,9.875,937.17,Pasteuria,11.125,10,0.145351850323315,0.16549459294474
1,7,8,7,8.2,M+,Pasteuria,STD,2,9,996.53,Pasteuria,11.125,10,0.258500305751322,0.260303678992965
1,7,8,8,8.2,M+,Pasteuria,STD,3,10.875,1046.13,Pasteuria,11.125,10,0.0277173793628731,0.0253268310214685
1,7,8,9,8.2,M+,Pasteuria,STD,4,10.25,874.15,Pasteuria,11.125,10,0.0998989298388863,0.130734109219208
1,7,8,10,8.2,M+,Pasteuria,STD,5,10.375,914.57,Pasteuria,11.125,10,0.0851167828482217,0.10176098390618
1,14,1,1,6.5,M,Uninf,MID,2,7.375,1153.78,Uninf,7.75,10,0.0763029863682646,0.0573185932157727
1,14,1,2,6.5,M,Uninf,MID,3,8.75,1173.11,Uninf,7.75,10,-0.186709010775796,-0.135671243075178
1,14,1,3,6.5,M,Uninf,MID,5,8.375,1079.33,Uninf,7.75,10,-0.119320360532115,-0.102425020613301
1,14,1,4,6.5,M,Uninf,STD,1,7.625,1167.11,Uninf,7.75,10,0.0250161859565851,0.0183652783984519
1,14,1,5,6.5,M,Uninf,STD,2,8.5,1146.33,Uninf,7.75,10,-0.142112800201562,-0.108146851535915
1,14,1,6,6.5,M,Uninf,STD,3,8.25,1164.36,Uninf,7.75,10,-0.0961851645866676,-0.0709469185815164
1,14,1,7,6.5,M,Uninf,STD,4,8,1108.25,Uninf,7.75,10,-0.0488441512532004,-0.0397683056002121
1,14,1,8,6.5,M,Uninf,STD,5,8,1156.74,Uninf,7.75,10,-0.0488441512532004,-0.0365040507875047
1,14,2,1,6.21666666666667,M+,Uninf,MID,1,8.125,1068.17,Uninf,8.875,10,0.142025641521199,0.12447610970739
1,14,2,2,6.21666666666667,M+,Uninf,MID,2,7.75,1036.31,Uninf,8.875,10,0.218035643961755,0.203024345430858
1,14,2,3,6.21666666666667,M+,Uninf,MID,3,8.875,1009.48,Uninf,8.875,10,0,0
1,14,2,4,6.21666666666667,M+,Uninf,MID,4,9.5,1078.63,Uninf,8.875,10,-0.10946937787402,-0.094090907998752
1,14,2,5,6.21666666666667,M+,Uninf,MID,5,8.75,1053.59,Uninf,8.875,10,0.0228171072256674,0.0205549915911785
1,14,2,6,6.21666666666667,M+,Uninf,STD,1,8.125,1138.61,Uninf,8.875,10,0.142025641521199,0.109551107438595
1,14,2,7,6.21666666666667,M+,Uninf,STD,2,9.125,1059.2,Uninf,8.875,10,-0.0446856259095048,-0.0398301462676051
1,14,2,8,6.21666666666667,M+,Uninf,STD,3,9.25,1137.64,Uninf,8.875,10,-0.0665713932914546,-0.0514372733818327
1,14,2,9,6.21666666666667,M+,Uninf,STD,4,9.375,1143.92,Uninf,8.875,10,-0.0881633831018681,-0.0673747149451788
1,14,3,1,6.41666666666667,M+,Pasteuria,MID,1,9.625,1077.06,Pasteuria,9.75,10,0.0201092023416748,0.0173346488873439
1,14,3,2,6.41666666666667,M+,Pasteuria,MID,2,8.125,1018.36,Pasteuria,9.75,10,0.284137491107462,0.273984425695461
1,14,3,3,6.41666666666667,M+,Pasteuria,MID,3,9.25,1150,Pasteuria,9.75,10,0.082042182055203,0.0620356764122518
1,14,3,4,6.41666666666667,M+,Pasteuria,MID,5,9.25,1076.17,Pasteuria,9.75,10,0.082042182055203,0.0708394923439962
1,14,3,5,6.41666666666667,M+,Pasteuria,STD,1,9.5,1134.33,Pasteuria,9.75,10,0.040481277511575,0.0314612064954479
1,14,3,6,6.41666666666667,M+,Pasteuria,STD,2,9.125,1133.14,Pasteuria,9.75,10,0.103245795648625,0.0804091061680557
1,14,3,7,6.41666666666667,M+,Pasteuria,STD,3,9.25,1163.54,Pasteuria,9.75,10,0.082042182055203,0.0606002710543483
1,14,3,8,6.41666666666667,M+,Pasteuria,STD,4,9.5,1061.72,Pasteuria,9.75,10,0.040481277511575,0.0359115551585086
1,14,3,9,6.41666666666667,M+,Pasteuria,STD,5,9.5,1129.81,Pasteuria,9.75,10,0.040481277511575,0.031713442022652
1,14,4,1,6.78333333333333,M,Pasteuria,MID,1,8.625,1226.08,Pasteuria,7.25,10,-0.256014978944727,-0.170305141455407
1,14,4,2,6.78333333333333,M,Pasteuria,MID,3,9.375,1211.02,Pasteuria,7.25,10,-0.378936269763967,-0.258382766833471
1,14,4,3,6.78333333333333,M,Pasteuria,MID,4,8.375,1153.83,Pasteuria,7.25,10,-0.212652986011617,-0.159730493026779
1,14,4,4,6.78333333333333,M,Pasteuria,MID,5,8,1055.54,Pasteuria,7.25,10,-0.145120500461797,-0.130250493087693
1,14,4,5,6.78333333333333,M,Pasteuria,STD,3,9,1270.19,Pasteuria,7.25,10,-0.318756425262363,-0.197570258988833
1,14,4,6,6.78333333333333,M,Pasteuria,STD,4,9.625,1178.38,Pasteuria,7.25,10,-0.417733284482454,-0.300834995205949
1,14,5,1,6.3,SM,Uninf,MID,2,18.5,1156.26,Uninf,15.875,10,-0.24289712270718,-0.181681776047547
1,14,5,2,6.3,SM,Uninf,MID,3,16.125,1135.12,Uninf,15.875,10,-0.024802091909652,-0.0192488488005242
1,14,5,3,6.3,SM,Uninf,MID,5,17,1139.63,Uninf,15.875,10,-0.10867904647216,-0.0836793066170552
1,14,5,4,6.3,SM,Uninf,STD,1,16.625,1315.18,Uninf,15.875,10,-0.07327308216375,-0.0423617671099359
1,14,5,5,6.3,SM,Uninf,STD,2,17,1203.2,Uninf,15.875,10,-0.10867904647216,-0.0750706494174886
1,14,5,6,6.3,SM,Uninf,STD,3,16.75,1335.32,Uninf,15.875,10,-0.0851630372893967,-0.0477617723577488
1,14,5,7,6.3,SM,Uninf,STD,4,19,1318.7,Uninf,15.875,10,-0.285227673631246,-0.164021072518662
1,14,5,8,6.3,SM,Uninf,STD,5,17.625,1267.71,Uninf,15.875,10,-0.165988577650122,-0.103285265725388
1,14,6,1,6.5,S,Uninf,MID,1,32.125,1222.54,Uninf,30.25,10,-0.0925205519054359,-0.0619030517188757
1,14,6,2,6.5,S,Uninf,MID,2,30.875,1200.52,Uninf,30.25,10,-0.0314624776481396,-0.0218300193619018
1,14,6,3,6.5,S,Uninf,MID,3,31.75,1332.76,Uninf,30.25,10,-0.0744562167105389,-0.0419176633395742
1,14,6,4,6.5,S,Uninf,MID,4,31.625,1268.02,Uninf,30.25,10,-0.0683873270320517,-0.0425327459685656
1,14,6,5,6.5,S,Uninf,STD,1,31.5,1407.71,Uninf,30.25,10,-0.0622944020842102,-0.0314356634272563
1,14,6,6,6.5,S,Uninf,STD,2,29.75,1475.72,Uninf,30.25,10,0.025641619208018,0.0117743656886936
1,14,6,7,6.5,S,Uninf,STD,3,32.375,1339.85,Uninf,30.25,10,-0.104446670065925,-0.0581811414433667
1,14,6,8,6.5,S,Uninf,STD,4,32.5,1330.39,Uninf,30.25,10,-0.110375238244371,-0.062361091843841
1,14,6,9,6.5,S,Uninf,STD,5,34.875,1398.43,Uninf,30.25,10,-0.218883162561045,-0.111925976156065
1,14,7,1,6.68333333333333,SM,Pasteuria,MID,1,18,1150.17,Pasteuria,17.25,10,-0.0636802210755047,-0.0481371629894985
1,14,7,2,6.68333333333333,SM,Pasteuria,MID,2,17.375,1138.73,Pasteuria,17.25,10,-0.0108033635513519,-0.00833139003280387
1,14,7,3,6.68333333333333,SM,Pasteuria,MID,3,17.875,1184.74,Pasteuria,17.25,10,-0.0532532844429461,-0.0379402593359237
1,14,7,4,6.68333333333333,SM,Pasteuria,MID,4,17.5,1284.67,Pasteuria,17.25,10,-0.0215292829707227,-0.0130450696141679
1,14,7,5,6.68333333333333,SM,Pasteuria,MID,5,17.625,1170.66,Pasteuria,17.25,10,-0.0321788606797457,-0.023480595383219
1,14,7,6,6.68333333333333,SM,Pasteuria,STD,2,16.625,1243.7,Pasteuria,17.25,10,0.0552187884320961,0.0356989633361832
1,14,7,7,6.68333333333333,SM,Pasteuria,STD,3,17.375,1175.47,Pasteuria,17.25,10,-0.0108033635513519,-0.00781872415997179
1,14,7,8,6.68333333333333,SM,Pasteuria,STD,4,15.375,1318.9,Pasteuria,17.25,10,0.172173560775243,0.0989789232115196
1,14,7,9,6.68333333333333,SM,Pasteuria,STD,5,18.75,1294.95,Pasteuria,17.25,10,-0.124760512128256,-0.0743996939238351
1,14,8,1,6.88333333333333,S,Pasteuria,MID,1,30.75,1343.69,Pasteuria,30.5,10,-0.0118595311949067,-0.00656854760300181
1,14,8,2,6.88333333333333,S,Pasteuria,MID,2,28.375,1261.51,Pasteuria,30.5,10,0.104917493189055,0.0659274852613247
1,14,8,3,6.88333333333333,S,Pasteuria,MID,3,27.5,1273.14,Pasteuria,30.5,10,0.150422293860785,0.0928025438009085
1,14,8,4,6.88333333333333,S,Pasteuria,MID,4,25.125,1402.22,Pasteuria,30.5,10,0.281641623100425,0.143240069837731
1,14,8,5,6.88333333333333,S,Pasteuria,MID,5,25.75,1335.9,Pasteuria,30.5,10,0.245944876276447,0.137812902547755
1,14,8,6,6.88333333333333,S,Pasteuria,STD,1,28.25,1404.18,Pasteuria,30.5,10,0.111331563226512,0.0564641430267523
1,14,8,7,6.88333333333333,S,Pasteuria,STD,2,26.625,1385.03,Pasteuria,30.5,10,0.197398633777884,0.102902465816243
1,14,8,8,6.88333333333333,S,Pasteuria,STD,3,27.125,1346.26,Pasteuria,30.5,10,0.170369305209795,0.094001215159991
1,14,8,9,6.88333333333333,S,Pasteuria,STD,4,26.375,1353.61,Pasteuria,30.5,10,0.211104249613272,0.115215223775481
1,14,8,10,6.88333333333333,S,Pasteuria,STD,5,26.125,1423.64,Pasteuria,30.5,10,0.22494039708725,0.110985717426316
1,21,1,1,6.03333333333333,S,Uninf,MID,1,26,1272.91,Uninf,29.75,10,0.223313691663243,0.137822446363034
1,21,1,2,6.03333333333333,S,Uninf,MID,2,21,1366.76,Uninf,29.75,10,0.577303913151739,0.309043761431313
1,21,1,3,6.03333333333333,S,Uninf,MID,3,23,1421.68,Uninf,29.75,10,0.426521960324568,0.211026836678864
1,21,1,4,6.03333333333333,S,Uninf,MID,4,16.625,1446.65,Uninf,29.75,10,0.964510848811692,0.460871841434955
1,21,1,5,6.03333333333333,S,Uninf,STD,1,23.5714285714286,1451.22,Uninf,29.75,10,0.385846089192881,0.183209332644573
1,21,1,6,6.03333333333333,S,Uninf,STD,2,23,1434.8,Uninf,29.75,10,0.426521960324568,0.20718516739222
1,21,1,7,6.03333333333333,S,Uninf,STD,3,23.75,1368.88,Uninf,29.75,10,0.373336908581749,0.199237081044842
1,21,1,8,6.03333333333333,S,Uninf,STD,4,22.125,1380.97,Uninf,29.75,10,0.490808189664606,0.257361342012436
1,21,1,9,6.03333333333333,S,Uninf,STD,5,24,1415.68,Uninf,29.75,10,0.355981162945348,0.177622027985
1,21,2,1,6.08333333333333,S,Pasteuria,MID,1,28,1603.02,Pasteuria,25.875,10,-0.129743438777541,-0.0504902501985719
1,21,2,2,6.08333333333333,S,Pasteuria,MID,2,23.375,1348.89,Pasteuria,25.875,10,0.167030426976629,0.0917999661830128
1,21,2,3,6.08333333333333,S,Pasteuria,MID,4,27.375,1593.96,Pasteuria,25.875,10,-0.0926349641936412,-0.036460288484299
1,21,2,4,6.08333333333333,S,Pasteuria,MID,5,25.875,1517.31,Pasteuria,25.875,10,0,0
1,21,2,5,6.08333333333333,S,Pasteuria,STD,1,22.25,1635.81,Pasteuria,25.875,10,0.248112728175261,0.0927221144033374
1,21,2,6,6.08333333333333,S,Pasteuria,STD,2,23.375,1526.39,Pasteuria,25.875,10,0.167030426976629,0.0716909882366422
1,21,2,7,6.08333333333333,S,Pasteuria,STD,3,23.875,1406.64,Pasteuria,25.875,10,0.132238956523954,0.0668333895348526
1,21,2,8,6.08333333333333,S,Pasteuria,STD,4,31.125,1386.45,Pasteuria,25.875,10,-0.303672498409872,-0.157978155325853
1,21,2,9,6.08333333333333,S,Pasteuria,STD,5,26.25,1525.81,Pasteuria,25.875,10,-0.0236527190993419,-0.0101596830686601
1,21,3,1,5.95,SM,Uninf,MID,2,20.875,1289.28,Uninf,21.75,10,0.0690109021811322,0.0415167370648563
1,21,3,2,5.95,SM,Uninf,MID,3,20.375,1213.19,Uninf,21.75,10,0.109756467912212,0.0745714312756701
1,21,3,3,5.95,SM,Uninf,MID,5,19.5,1227.12,Uninf,21.75,10,0.183528221789903,0.121878973513446
1,21,3,4,5.95,SM,Uninf,STD,1,23.5,1307.82,Uninf,21.75,10,-0.130061619521715,-0.0760419435374929
1,21,3,5,5.95,SM,Uninf,STD,2,21.625,1364.43,Uninf,21.75,10,0.00968689868361312,0.00520334039691366
1,21,3,6,5.95,SM,Uninf,STD,3,24.875,1387.98,Uninf,21.75,10,-0.225629454638594,-0.117119545190193
1,21,3,7,5.95,SM,Uninf,STD,4,20.625,1344.27,Uninf,21.75,10,0.0892602106116779,0.0493952165811791
1,21,3,8,5.95,SM,Uninf,STD,5,20.625,1425.83,Uninf,21.75,10,0.0892602106116779,0.0439058521743886
1,21,4,1,5.98333333333333,SM,Pasteuria,MID,1,20.625,1286.31,Pasteuria,20.125,10,-0.0410157809183024,-0.0247890391193383
1,21,4,2,5.98333333333333,SM,Pasteuria,MID,2,18.5,1343.91,Pasteuria,20.125,10,0.140711015967155,0.077909017528086
1,21,4,3,5.98333333333333,SM,Pasteuria,MID,3,20.5,1240.36,Pasteuria,20.125,10,-0.0308558153310345,-0.0200558707403724
1,21,4,4,5.98333333333333,SM,Pasteuria,MID,4,19.375,1426.96,Pasteuria,20.125,10,0.0634750664042613,0.0311730693183556
1,21,4,5,5.98333333333333,SM,Pasteuria,MID,5,19.375,1263.53,Pasteuria,20.125,10,0.0634750664042613,0.0397586883266211
1,21,4,6,5.98333333333333,SM,Pasteuria,STD,2,19.5,1330.24,Pasteuria,20.125,10,0.0527270602812134,0.029797069430594
1,21,4,7,5.98333333333333,SM,Pasteuria,STD,4,20.375,1388.49,Pasteuria,20.125,10,-0.0206337088952083,-0.0107026614171974
1,21,4,8,5.98333333333333,SM,Pasteuria,STD,5,18.5,1289.03,Pasteuria,20.125,10,0.140711015967155,0.0846841336462455
1,21,5,1,6,M,Uninf,MID,2,7.125,1232.16,Uninf,7.5,10,0.0854888239792506,0.0563086520010121
1,21,5,2,6,M,Uninf,MID,3,8.5,1174.3,Uninf,7.5,10,-0.208605238256677,-0.151274974352013
1,21,5,3,6,M,Uninf,STD,1,7.875,1271.37,Uninf,7.5,10,-0.0813169402823869,-0.0503080067316414
1,21,5,4,6,M,Uninf,STD,4,9.375,1141.86,Uninf,7.5,10,-0.371905918857016,-0.285237992282231
1,21,5,5,6,M,Uninf,STD,5,10,1196.54,Uninf,7.5,10,-0.479470120752969,-0.334893798361085
1,21,6,1,6.03333333333333,M,Pasteuria,MID,1,8.875,1292.21,Pasteuria,9.75,10,0.155849087814822,0.0933336111891436
1,21,6,2,6.03333333333333,M,Pasteuria,MID,3,7.5,1331.68,Pasteuria,9.75,10,0.434857896907444,0.245215323970803
1,21,6,3,6.03333333333333,M,Pasteuria,MID,4,8,1305.29,Pasteuria,9.75,10,0.327887972370033,0.192447141377208
1,21,6,4,6.03333333333333,M,Pasteuria,MID,5,8.5,1146.69,Pasteuria,9.75,10,0.227405173779257,0.172945111614397
1,21,7,1,5.78333333333333,M+,Uninf,MID,1,9.75,1202.01,Uninf,8.25,10,-0.288854325065994,-0.199922978409252
1,21,7,2,5.78333333333333,M+,Uninf,MID,2,8.25,1124.49,Uninf,8.25,10,0,0
1,21,7,3,5.78333333333333,M+,Uninf,MID,3,9.5,1157.99,Uninf,8.25,10,-0.243939939354304,-0.181917003390032
1,21,7,4,5.78333333333333,M+,Uninf,MID,4,8.125,1196.03,Uninf,8.25,10,0.0263990872578474,0.0184546054705412
1,21,7,5,5.78333333333333,M+,Uninf,MID,5,9.25,1191.64,Uninf,8.25,10,-0.197827696560942,-0.139314701445828
1,21,7,6,5.78333333333333,M+,Uninf,STD,1,8.875,1199.53,Uninf,8.25,10,-0.126268244982519,-0.0877550091998716
1,21,7,7,5.78333333333333,M+,Uninf,STD,2,8.625,1161.53,Uninf,8.25,10,-0.0768618372982721,-0.0569704826922598
1,21,7,8,5.78333333333333,M+,Uninf,STD,3,9,1218.86,Uninf,8.25,10,-0.150451948685239,-0.101272182056921
1,21,7,9,5.78333333333333,M+,Uninf,STD,4,10.125,1345.35,Uninf,8.25,10,-0.354111376333165,-0.195645252200315
1,21,8,1,5.83333333333333,M+,Pasteuria,MID,3,9,1348.53,Pasteuria,10.125,10,0.201913775410943,0.1110311209893
1,21,8,2,5.83333333333333,M+,Pasteuria,STD,2,10.5,1290.91,Pasteuria,10.125,10,-0.0623445328643566,-0.037411614023433
1,21,8,3,5.83333333333333,M+,Pasteuria,STD,4,9.25,1302.36,Pasteuria,10.125,10,0.154944105374175,0.0913509273938234
1,21,8,4,5.83333333333333,M+,Pasteuria,STD,5,8.875,1169.05,Pasteuria,10.125,10,0.225890190224783,0.16528414618512
1,28,1,1,6.06666666666667,M,Uninf,MID,2,5.625,1311.27,Both,5.5,10,-0.0370431689869098,-0.0215438780600966
1,28,1,2,6.06666666666667,M,Uninf,STD,1,8.125,1308.27,Both,5.5,10,-0.643182916446224,-0.375785254941485
1,28,1,3,6.06666666666667,M,Pasteuria,MID,4,6.625,1339.98,Both,5.5,10,-0.306761999396474,-0.170846044038815
1,28,2,1,5.93333333333333,M+,Uninf,MID,1,8.5,1255.38,Both,6.375,10,-0.48485742548053,-0.307654761000073
1,28,2,2,5.93333333333333,M+,Uninf,MID,3,7.125,1278.74,Both,6.375,10,-0.18745893557903,-0.114641443490232
1,28,2,3,5.93333333333333,M+,Uninf,MID,5,7.125,1278.9,Both,6.375,10,-0.18745893557903,-0.114612760272533
1,28,2,4,5.93333333333333,M+,Uninf,STD,1,6.25,1247.31,Both,6.375,10,0.0333752145441228,0.0214523689560739
1,28,2,5,5.93333333333333,M+,Uninf,STD,2,7.875,1259,Both,6.375,10,-0.356138921911023,-0.224681843963194
1,28,2,6,5.93333333333333,M+,Uninf,STD,4,6.75,1505.97,Both,6.375,10,-0.0963344053482283,-0.042476505437758
1,28,2,7,5.93333333333333,M+,Pasteuria,MID,3,8.5,1466.57,Both,6.375,10,-0.48485742548053,-0.225428311126872
1,28,2,8,5.93333333333333,M+,Pasteuria,STD,2,9.125,1332.55,Both,6.375,10,-0.604439002961908,-0.340396787901779
1,28,2,9,5.93333333333333,M+,Pasteuria,STD,4,6.5,1397.81,Both,6.375,10,-0.032727110995115,-0.0167498677807683
1,28,3,1,5.95,S,Uninf,MID,1,34.25,1495.05,Uninf,27.75,10,-0.353698696665194,-0.158242095312733
1,28,3,2,5.95,S,Uninf,MID,2,27.625,1491.59,Uninf,27.75,10,0.00758769807483503,0.00341044551144786
1,28,3,3,5.95,S,Uninf,MID,3,28.875,1681.85,Uninf,27.75,10,-0.0667904683185108,-0.0236123911853366
1,28,3,4,5.95,S,Uninf,MID,4,24.125,1545.11,Uninf,27.75,10,0.235272593222511,0.0985490705798965
1,28,3,5,5.95,S,Uninf,STD,1,25,1515.48,Uninf,27.75,10,0.175394983738224,0.0763689377554483
1,28,3,6,5.95,S,Uninf,STD,5,26.375,1426.93,Uninf,27.75,10,0.0854105015062405,0.0419474856810403
1,28,4,1,5.85,SM,Uninf,MID,2,17.125,1385.82,Uninf,17.75,10,0.0612754389284372,0.0319060308963985
1,28,4,3,5.85,SM,Uninf,MID,5,15.125,1322.92,Uninf,17.75,10,0.273566687187213,0.156313341431766
1,28,4,4,5.85,SM,Uninf,STD,2,16.125,1504.12,Uninf,17.75,10,0.164127612375365,0.0725465358923629
1,28,4,5,5.85,SM,Uninf,STD,4,15,1382.74,Uninf,17.75,10,0.28775267490464,0.150500629618089
1,28,4,6,5.85,SM,Uninf,STD,5,17,1445.52,Uninf,17.75,10,0.0737985843849718,0.0353183024580495
1,28,5,1,6.11666666666667,S,Pasteuria,MID,1,33.25,1707.88,Pasteuria,29.125,10,-0.216552351851769,-0.0742417497904755
1,28,5,2,6.11666666666667,S,Pasteuria,MID,2,27.875,1354.44,Pasteuria,29.125,10,0.0717166464941398,0.039093128888188
1,28,5,3,6.11666666666667,S,Pasteuria,MID,4,30.875,1773.72,Pasteuria,29.125,10,-0.0953949041890077,-0.0303218049725237
1,28,5,4,6.11666666666667,S,Pasteuria,MID,5,30,1675.55,Pasteuria,29.125,10,-0.0483931385988402,-0.0172372906844192
1,28,5,5,6.11666666666667,S,Pasteuria,STD,1,29.875,1747.62,Pasteuria,29.125,10,-0.0415669183092261,-0.0136098649444881
1,28,5,6,6.11666666666667,S,Pasteuria,STD,3,28.125,1465.69,Pasteuria,29.125,10,0.0571194300184422,0.026588853765952
1,28,5,7,6.11666666666667,S,Pasteuria,STD,5,23.375,1621.09,Pasteuria,29.125,10,0.359558316148961,0.136821732190846
1,28,6,1,6.03333333333333,SM,Pasteuria,MID,1,17.5,1451.6,Pasteuria,18.625,10,0.103266104977052,0.0490076499508659
1,28,6,2,6.03333333333333,SM,Pasteuria,MID,2,18,1462.91,Pasteuria,18.625,10,0.0565740437062848,0.0264351637162438
1,28,6,3,6.03333333333333,SM,Pasteuria,MID,3,16.25,1350.4,Pasteuria,18.625,10,0.226096998049519,0.123985225880895
1,28,6,4,6.03333333333333,SM,Pasteuria,MID,4,17.125,1586.57,Pasteuria,18.625,10,0.139169138316023,0.0552871829783086
1,28,6,5,6.03333333333333,SM,Pasteuria,MID,5,16.625,1492.77,Pasteuria,18.625,10,0.188282615011666,0.0844937186836475
1,28,6,6,6.03333333333333,SM,Pasteuria,STD,2,17,1369.98,Pasteuria,18.625,10,0.151311746203437,0.0806202590235938
1,28,6,7,6.03333333333333,SM,Pasteuria,STD,4,16.75,1525.36,Pasteuria,18.625,10,0.175867137007538,0.0755857604070717
1,28,6,8,6.03333333333333,SM,Pasteuria,STD,5,15.375,1419.65,Pasteuria,18.625,10,0.317837487137637,0.157703940456119
1,35,1,1,6.08333333333333,S,Uninf,MID,1,34.875,1571.51,Both,38.125,10,0.146465744853774,0.0593064279004993
1,35,1,2,6.08333333333333,S,Uninf,MID,2,31.75,1699.57,Both,38.125,10,0.300784947269383,0.104130507549374
1,35,1,3,6.08333333333333,S,Uninf,MID,3,37.25,1768.47,Both,38.125,10,0.0381670522224777,0.0122037478354722
1,35,1,4,6.08333333333333,S,Uninf,MID,4,37.875,1706.65,Both,38.125,10,0.010814747010481,0.00371302124602984
1,35,1,5,6.08333333333333,S,Uninf,STD,1,40.25,1605.72,Both,38.125,10,-0.0891612640060219,-0.0345809231857627
1,35,1,6,6.08333333333333,S,Pasteuria,STD,1,36.625,1866.24,Both,38.125,10,0.0659821932991959,0.0189448757140215
1,35,1,7,6.08333333333333,S,Pasteuria,STD,3,37.375,1561.82,Both,38.125,10,0.0326600600822877,0.0133892120439642
1,35,1,8,6.08333333333333,S,Pasteuria,STD,5,36.75,1803.76,Both,38.125,10,0.0603813850992822,0.0185586152189506
1,35,2,1,6,SM,Uninf,MID,2,23.25,1406.65,Uninf,20.125,10,-0.240570514547898,-0.121582283548819
1,35,2,2,6,SM,Uninf,MID,3,21.25,1504.57,Uninf,20.125,10,-0.0906567867763316,-0.040047510674104
1,35,2,3,6,SM,Uninf,MID,5,19.125,1398.09,Uninf,20.125,10,0.084944072653379,0.0434573080613702
1,35,2,4,6,SM,Uninf,STD,2,21.125,1640.72,Uninf,20.125,10,-0.0808239165643513,-0.0300241656492514
1,35,2,5,6,SM,Uninf,STD,4,18.125,1368.18,Uninf,20.125,10,0.174451037606481,0.0931938131059144
1,35,2,6,6,SM,Uninf,STD,5,22.75,1663.7,Uninf,20.125,10,-0.204337203487221,-0.0738239726943162
1,35,3,1,6.25,SM,Pasteuria,MID,1,23.75,1545.61,Pasteuria,22,10,-0.122464123395735,-0.0512635927878871
1,35,3,2,6.25,SM,Pasteuria,MID,2,19.375,1660.34,Pasteuria,22,10,0.203294204990249,0.0737447210858606
1,35,3,3,6.25,SM,Pasteuria,MID,3,18.625,1417.54,Pasteuria,22,10,0.266460302548309,0.132605601988684
1,35,3,4,6.25,SM,Pasteuria,MID,4,19.75,1660.05,Pasteuria,22,10,0.172622339217897,0.0626404197821207
1,35,3,5,6.25,SM,Pasteuria,MID,5,20.75,1568.18,Pasteuria,22,10,0.0935939306905738,0.0380588678820854
1,35,3,6,6.25,SM,Pasteuria,STD,2,20,1487.84,Pasteuria,22,10,0.15249628768692,0.0688885130676942
1,35,3,7,6.25,SM,Pasteuria,STD,4,21.125,1582.95,Pasteuria,22,10,0.0649364481841253,0.0259151744117344
1,35,3,8,6.25,SM,Pasteuria,STD,5,23.625,1494.92,Pasteuria,22,10,-0.114020832034385,-0.0510209218744144
1,35,4,1,6.06666666666667,M,Uninf,MID,2,10.375,1369.59,Uninf,9.625,10,-0.123684372433375,-0.0659376822107977
1,35,4,2,6.06666666666667,M,Uninf,STD,1,10.25,1453.07,Uninf,9.625,10,-0.10370410781962,-0.0491159882345256
1,35,5,1,6.08333333333333,M+,Uninf,MID,1,8.5,1337.89,Both,9.125,10,0.116632990639372,0.0651599281033049
1,35,5,2,6.08333333333333,M+,Uninf,MID,3,9.75,1297.55,Both,9.125,10,-0.108903099519782,-0.0646832803278582
1,35,5,3,6.08333333333333,M+,Uninf,MID,5,10.5,1321.58,Both,9.125,10,-0.230724423608092,-0.132101167035583
1,35,5,4,6.08333333333333,M+,Uninf,STD,4,8.875,1639.34,Both,9.125,10,0.0456650368883433,0.0169920485846903
1,35,5,5,6.08333333333333,M+,Pasteuria,MID,3,8.375,1534.87,Both,9.125,10,0.140986556313576,0.0598459144634499
1,35,5,6,6.08333333333333,M+,Pasteuria,STD,2,8.875,1454.08,Both,9.125,10,0.0456650368883433,0.0215976853988083
2,8,1,1,6.56666666666667,S,Uninf,STD,6,40.25,1242.17,Uninf,39,10,-0.0480431843679077,-0.0311364942713962
2,8,1,2,6.56666666666667,S,Uninf,STD,7,37.5,1064.21,Uninf,39,10,0.0597269743450982,0.0527370513506687
2,8,1,3,6.56666666666667,S,Uninf,STD,8,36.125,1230.89,Uninf,39,10,0.116613958929518,0.0769683280490942
2,8,1,4,6.56666666666667,S,Uninf,STD,9,35.5,1221.56,Uninf,39,10,0.143191293880624,0.0959592857624159
2,8,1,6,6.56666666666667,S,Uninf,MID,6,38,981.83,Uninf,39,10,0.0395565782790771,0.0410342142232623
2,8,1,7,6.56666666666667,S,Uninf,MID,7,39.375,1011.2,Uninf,39,10,-0.0145727680449,-0.0142517413013216
2,8,1,8,6.56666666666667,S,Uninf,MID,8,44.375,1018.82,Uninf,39,10,-0.196621220811066,-0.189424201263061
2,8,1,9,6.56666666666667,S,Uninf,MID,9,39.375,999.61,Uninf,39,10,-0.0145727680449,-0.0145841414569886
2,8,1,10,6.56666666666667,S,Uninf,MID,10,43.25,1002.38,Uninf,39,10,-0.157516122713059,-0.156769014203049
2,8,2,1,6.98333333333333,S,Pasteuria,STD,6,32.875,1008.45,Pasteuria,46.125,10,0.484929754457417,0.476837159103318
2,8,2,2,6.98333333333333,S,Pasteuria,STD,7,31.875,1234.8,Pasteuria,46.125,10,0.529164342074608,0.347054220182078
2,8,2,4,6.98333333333333,S,Pasteuria,STD,9,35.25,966.97,Pasteuria,46.125,10,0.38504473475286,0.411798905724215
2,8,2,5,6.98333333333333,S,Pasteuria,STD,10,37,1082.51,Pasteuria,46.125,10,0.315661846849356,0.269375602699354
2,8,2,6,6.98333333333333,S,Pasteuria,MID,6,39.625,1177.11,Pasteuria,46.125,10,0.21751055393305,0.156980690834812
2,8,2,7,6.98333333333333,S,Pasteuria,MID,7,34.625,942.94,Pasteuria,46.125,10,0.4106622499091,0.461866713466843
2,8,2,8,6.98333333333333,S,Pasteuria,MID,8,45.25,935.61,Pasteuria,46.125,10,0.027425917252634,0.0313307976248603
2,8,2,9,6.98333333333333,S,Pasteuria,MID,9,47.375,950.36,Pasteuria,46.125,10,-0.0382905408714547,-0.042395055024287
2,8,2,10,6.98333333333333,S,Pasteuria,MID,10,39.875,1005.23,Pasteuria,46.125,10,0.208504355020071,0.206340390527089
2,8,3,2,6.53333333333333,SM,Uninf,STD,7,23.75,1026.97,Uninf,29.25,10,0.318822004893697,0.30229626009826
2,8,3,3,6.53333333333333,SM,Uninf,STD,8,25.75,1006.84,Uninf,29.25,10,0.195068795767531,0.192427386292328
2,8,3,4,6.53333333333333,SM,Uninf,STD,9,24.875,963.68,Uninf,29.25,10,0.247984118316136,0.267028844510567
2,8,3,6,6.53333333333333,SM,Uninf,MID,6,24.875,977.69,Uninf,29.25,10,0.247984118316136,0.259430792193065
2,8,3,7,6.53333333333333,SM,Uninf,MID,7,28,895.8,Uninf,29.25,10,0.0668495869938699,0.0833060633504218
2,8,3,8,6.53333333333333,SM,Uninf,MID,8,25.625,888.11,Uninf,29.25,10,0.202517045233612,0.25676041084955
2,8,3,9,6.53333333333333,SM,Uninf,MID,9,27.625,963.85,Uninf,29.25,10,0.0874873681223706,0.0941730092863453
2,8,3,10,6.53333333333333,SM,Uninf,MID,10,32.5,976.38,Uninf,29.25,10,-0.161266095394632,-0.169162977691193
2,8,4,1,6.58333333333333,SM,Pasteuria,STD,6,23.875,1013.4,Pasteuria,32.25,10,0.456738466139221,0.44473958774722
2,8,4,2,6.58333333333333,SM,Pasteuria,STD,7,27,764.01,Pasteuria,32.25,10,0.269895459094865,0.462378350900854
2,8,4,3,6.58333333333333,SM,Pasteuria,STD,8,26.625,1071.85,Pasteuria,32.25,10,0.291140383613457,0.253416229751789
2,8,4,4,6.58333333333333,SM,Pasteuria,STD,9,28.125,962.09,Pasteuria,32.25,10,0.207887366152705,0.224593247961716
2,8,4,5,6.58333333333333,SM,Pasteuria,STD,10,27.125,1011.94,Pasteuria,32.25,10,0.262879338806822,0.256712447704919
2,8,4,6,6.58333333333333,SM,Pasteuria,MID,6,26.125,837.56,Pasteuria,32.25,10,0.319937214617934,0.456071467560471
2,8,4,7,6.58333333333333,SM,Pasteuria,MID,7,25.875,874.42,Pasteuria,32.25,10,0.334542974667719,0.437533942115982
2,8,4,8,6.58333333333333,SM,Pasteuria,MID,8,29.75,978.34,Pasteuria,32.25,10,0.122565434810343,0.128052596706844
2,8,4,9,6.58333333333333,SM,Pasteuria,MID,9,29.375,887.67,Pasteuria,32.25,10,0.141834031560696,0.180002013252785
2,8,4,10,6.58333333333333,SM,Pasteuria,MID,10,27,872.11,Pasteuria,32.25,10,0.269895459094865,0.354856729081873
2,8,5,1,6.46666666666667,M+,Uninf,STD,6,11.25,921.02,Uninf,9.5,10,-0.26145824233598,-0.308222412379288
2,8,5,2,6.46666666666667,M+,Uninf,STD,7,10.375,1001.9,Uninf,9.5,10,-0.13624835182,-0.135732079923482
2,8,5,3,6.46666666666667,M+,Uninf,STD,8,10.25,858.65,Uninf,9.5,10,-0.117503979862766,-0.159375011056627
2,8,5,4,6.46666666666667,M+,Uninf,STD,9,10.25,950.43,Uninf,9.5,10,-0.117503979862766,-0.130080531874055
2,8,5,5,6.46666666666667,M+,Uninf,STD,10,11.125,904.48,Uninf,9.5,10,-0.244179942441972,-0.298477810871664
2,8,5,6,6.46666666666667,M+,Uninf,MID,6,13.375,876.46,Uninf,9.5,10,-0.529013650786971,-0.688656542537797
2,8,5,7,6.46666666666667,M+,Uninf,MID,7,9.5,923.78,Uninf,9.5,10,0,0
2,8,5,8,6.46666666666667,M+,Uninf,MID,8,8.75,913.79,Uninf,9.5,10,0.127172316861297,0.152299957208847
2,8,5,9,6.46666666666667,M+,Uninf,MID,9,10.375,709.58,Uninf,9.5,10,-0.13624835182,-0.270600456652305
2,8,5,10,6.46666666666667,M+,Uninf,MID,10,8.25,943.4,Uninf,9.5,10,0.218162780814287,0.245125739513095
2,8,6,1,6.51666666666667,M+,Pasteuria,STD,6,9.5,924.09,Pasteuria,9.875,10,0.0594084585892948,0.0695696379420342
2,8,6,2,6.51666666666667,M+,Pasteuria,STD,7,10.25,979.45,Pasteuria,9.875,10,-0.0571939562105853,-0.0596191249401139
2,8,6,3,6.51666666666667,M+,Pasteuria,STD,8,8.5,952.87,Pasteuria,9.875,10,0.230087182543604,0.253410799043775
2,8,6,4,6.51666666666667,M+,Pasteuria,STD,9,8.625,906.15,Pasteuria,9.875,10,0.207684932792474,0.252932595575746
2,8,6,5,6.51666666666667,M+,Pasteuria,STD,10,9.25,909.61,Pasteuria,9.875,10,0.100331599891844,0.12126271431277
2,8,6,6,6.51666666666667,M+,Pasteuria,MID,6,10,929.02,Pasteuria,9.875,10,-0.019302479089811,-0.0223646941557009
2,8,6,7,6.51666666666667,M+,Pasteuria,MID,7,12,916.21,Pasteuria,9.875,10,-0.299079804093322,-0.356284584790182
2,8,6,8,6.51666666666667,M+,Pasteuria,MID,8,9.75,927.56,Pasteuria,9.875,10,0.0195483771520662,0.0227209604433253
2,8,6,9,6.51666666666667,M+,Pasteuria,MID,9,11.25,859.46,Pasteuria,9.875,10,-0.200043710276077,-0.270815528351815
2,8,6,10,6.51666666666667,M+,Pasteuria,MID,10,9.5,888.6,Pasteuria,9.875,10,0.0594084585892948,0.0752377269776268
2,8,7,2,6.56666666666667,M,Uninf,STD,7,9,909.4,Uninf,9,10,0,0
2,8,7,3,6.56666666666667,M,Uninf,STD,8,8.25,895.12,Uninf,9,10,0.132504635009589,0.165374501651311
2,8,7,4,6.56666666666667,M,Uninf,STD,9,9.5,985.28,Uninf,9,10,-0.0823358699547346,-0.0848144292984435
2,8,7,5,6.56666666666667,M,Uninf,STD,10,9.125,976.31,Uninf,9,10,-0.0210050590847751,-0.0220367950290907
2,8,7,7,6.56666666666667,M,Uninf,MID,7,8.125,815.55,Uninf,9,10,0.155754592569165,0.234174540638615
2,8,7,9,6.56666666666667,M,Uninf,MID,9,8.125,840.55,Uninf,9,10,0.155754592569165,0.220451854264653
2,8,7,10,6.56666666666667,M,Uninf,MID,10,9.625,911.39,Uninf,9,10,-0.102242593153749,-0.123090160419539
2,8,8,1,6.73333333333333,M,Pasteuria,STD,6,8.375,932.37,Pasteuria,9.25,10,0.147582881900798,0.169769396312005
2,8,8,3,6.73333333333333,M,Pasteuria,STD,8,7.75,941.39,Pasteuria,9.25,10,0.262768378454077,0.296506309739277
2,8,8,4,6.73333333333333,M,Pasteuria,STD,9,9,928.49,Pasteuria,9.25,10,0.0406915458239323,0.0472008399588456
2,8,8,5,6.73333333333333,M,Pasteuria,STD,10,7.375,929.23,Pasteuria,9.25,10,0.336427201928392,0.389623065180747
2,8,8,6,6.73333333333333,M,Pasteuria,MID,6,8.75,949.3,Pasteuria,9.25,10,0.0825294819130854,0.0915803200713834
2,8,8,7,6.73333333333333,M,Pasteuria,MID,7,10.75,975.59,Pasteuria,9.25,10,-0.223191390667333,-0.234499951971762
2,8,8,8,6.73333333333333,M,Pasteuria,MID,8,10.625,908.04,Pasteuria,9.25,10,-0.205821034583386,-0.249620240264876
2,8,8,9,6.73333333333333,M,Pasteuria,MID,9,8.875,974.13,Pasteuria,9.25,10,0.0614631923210707,0.0647711005579711
2,8,8,10,6.73333333333333,M,Pasteuria,MID,10,8.625,854.68,Pasteuria,9.25,10,0.103898893970659,0.142234136897635
2,15,1,1,6.23333333333333,M,Uninf,MID,7,10.75,1093.28,Uninf,9.75,10,-0.156639255984891,-0.131050235242791
2,15,1,2,6.23333333333333,M,Uninf,MID,9,10.875,1066.26,Uninf,9.75,10,-0.175186029890361,-0.154089567481371
2,15,1,3,6.23333333333333,M,Uninf,MID,10,9.625,1136.98,Uninf,9.75,10,0.0207006494693712,0.0160132071109574
2,15,1,4,6.23333333333333,M,Uninf,STD,8,11,1116.32,Uninf,9.75,10,-0.193520836024516,-0.155292442325191
2,15,1,5,6.23333333333333,M,Uninf,STD,9,10.625,1144.41,Uninf,9.75,10,-0.137875555830039,-0.105274694092872
2,15,1,6,6.23333333333333,M,Uninf,STD,10,12.125,1146.44,Uninf,9.75,10,-0.349736072428542,-0.266095645507892
2,15,2,1,6.41666666666667,M,Pasteuria,MID,6,8.75,1118.31,Pasteuria,9,10,0.0439026654026437,0.0351047974018466
2,15,2,2,6.41666666666667,M,Pasteuria,MID,7,8.625,1174.81,Pasteuria,9,10,0.0663266718215004,0.0480565883953833
2,15,2,3,6.41666666666667,M,Pasteuria,MID,8,10.375,1080.57,Pasteuria,9,10,-0.221570631865781,-0.18976074826753
2,15,2,4,6.41666666666667,M,Pasteuria,MID,9,9,1250.24,Pasteuria,9,10,0,0
2,15,2,5,6.41666666666667,M,Pasteuria,MID,10,9.375,1127.06,Pasteuria,9,10,-0.0636186927588387,-0.0500830382964569
2,15,2,6,6.41666666666667,M,Pasteuria,STD,8,9.125,1176.45,Pasteuria,9,10,-0.0214960864400036,-0.0155314660494578
2,15,2,7,6.41666666666667,M,Pasteuria,STD,9,9.875,1151.28,Pasteuria,9,10,-0.144594909274233,-0.109091542561323
2,15,2,8,6.41666666666667,M,Pasteuria,STD,10,10.375,1105.02,Pasteuria,9,10,-0.221570631865781,-0.181456244898486
2,15,3,1,6.18333333333333,S,Uninf,STD,6,38.5,1421.06,Uninf,40.25,10,0.0718896429716986,0.035599303129429
2,15,3,2,6.18333333333333,S,Uninf,STD,7,35.75,1435.93,Uninf,40.25,10,0.191740810875292,0.0929925210252363
2,15,3,4,6.18333333333333,S,Uninf,STD,9,35,1387.58,Uninf,40.25,10,0.226030095485432,0.117395163643353
2,15,3,5,6.18333333333333,S,Uninf,MID,6,35.125,1348.09,Uninf,40.25,10,0.220264489828565,0.121201142368104
2,15,3,6,6.18333333333333,S,Uninf,MID,7,34,1284.37,Uninf,40.25,10,0.272910209027079,0.165439601885579
2,15,3,7,6.18333333333333,S,Uninf,MID,8,33.75,1339.74,Uninf,40.25,10,0.284845692527278,0.158696960259118
2,15,3,8,6.18333333333333,S,Uninf,MID,9,32.375,1288.37,Uninf,40.25,10,0.352113450962055,0.212129666157565
2,15,3,9,6.18333333333333,S,Uninf,MID,10,29,1286.88,Uninf,40.25,10,0.530157693603393,0.320131909820698
2,15,4,1,6.4,S,Pasteuria,STD,6,24.375,1396.16,Pasteuria,31.5,10,0.400671138980744,0.205550093175055
2,15,4,2,6.4,S,Pasteuria,STD,9,24,1326.82,Pasteuria,31.5,10,0.42489643044319,0.241356535935058
2,15,4,3,6.4,S,Pasteuria,STD,10,26.625,1422.18,Pasteuria,31.5,10,0.262713940315622,0.129889481882868
2,15,4,4,6.4,S,Pasteuria,MID,6,28.125,1328.05,Pasteuria,31.5,10,0.177076070792192,0.100399378483662
2,15,4,5,6.4,S,Pasteuria,MID,7,28.75,1301.98,Pasteuria,31.5,10,0.142734029044106,0.0842013198500966
2,15,4,7,6.4,S,Pasteuria,MID,9,28.25,1237,Pasteuria,31.5,10,0.170147012873652,0.111194915642424
2,15,4,8,6.4,S,Pasteuria,MID,10,25.875,1298.82,Pasteuria,31.5,10,0.30735983475946,0.182200338284951
2,15,5,1,6.28333333333333,M+,Uninf,MID,6,9.125,1107.01,Uninf,8.125,10,-0.184730246025603,-0.150742224750009
2,15,5,2,6.28333333333333,M+,Uninf,MID,7,9.625,1008.01,Uninf,8.125,10,-0.269631011073815,-0.265362872153502
2,15,5,3,6.28333333333333,M+,Uninf,MID,8,9.125,1057.99,Uninf,8.125,10,-0.184730246025603,-0.165034553675351
2,15,5,4,6.28333333333333,M+,Uninf,MID,9,9.5,901.85,Uninf,8.125,10,-0.248826637226569,-0.305934356492732
2,15,5,5,6.28333333333333,M+,Uninf,MID,10,9.625,1096.1,Uninf,8.125,10,-0.269631011073815,-0.224424096138996
2,15,5,6,6.28333333333333,M+,Uninf,STD,6,9.875,1124.21,Uninf,8.125,10,-0.3104412454717,-0.245631765045162
2,15,5,7,6.28333333333333,M+,Uninf,STD,7,9.125,1162.87,Uninf,8.125,10,-0.184730246025603,-0.13660785601358
2,15,5,8,6.28333333333333,M+,Uninf,STD,8,7.875,1172.61,Uninf,8.125,10,0.0497387960277521,0.0361732959485475
2,15,5,9,6.28333333333333,M+,Uninf,STD,9,9.5,1128.04,Uninf,8.125,10,-0.248826637226569,-0.195545519973509
2,15,5,10,6.28333333333333,M+,Uninf,STD,10,9.125,1125.04,Uninf,8.125,10,-0.184730246025603,-0.145949321760495
2,15,6,1,6.48333333333333,M+,Pasteuria,MID,6,8.75,1166.77,Pasteuria,9.875,10,0.18655929627403,0.137039696094386
2,15,6,2,6.48333333333333,M+,Pasteuria,MID,7,10.75,1087.83,Pasteuria,9.875,10,-0.130950298899464,-0.110658411329608
2,15,6,3,6.48333333333333,M+,Pasteuria,MID,8,9.375,1053.75,Pasteuria,9.875,10,0.0801435561913286,0.0721761037621249
2,15,6,4,6.48333333333333,M+,Pasteuria,MID,9,9.625,1072.72,Pasteuria,9.875,10,0.0395513068586187,0.0343706766842177
2,15,6,5,6.48333333333333,M+,Pasteuria,MID,10,10.5,1068.59,Pasteuria,9.875,10,-0.0946564725598332,-0.0828949558880847
2,15,6,6,6.48333333333333,M+,Pasteuria,STD,6,10.625,1097.22,Pasteuria,9.875,10,-0.1129101347403,-0.0937876156773338
2,15,6,7,6.48333333333333,M+,Pasteuria,STD,7,9.5,1165.28,Pasteuria,9.875,10,0.0597139005357693,0.0439759120286248
2,15,6,8,6.48333333333333,M+,Pasteuria,STD,8,10,1103.24,Pasteuria,9.875,10,-0.0194017206275478,-0.015940437892487
2,15,7,1,6.28333333333333,SM,Uninf,MID,6,19,1189.98,Uninf,20.625,10,0.130607352341068,0.0922334175657444
2,15,7,2,6.28333333333333,SM,Uninf,MID,7,17.75,1164.31,Uninf,20.625,10,0.238915251404753,0.176240866427772
2,15,7,3,6.28333333333333,SM,Uninf,MID,8,18.25,1139.7,Uninf,20.625,10,0.194703743542033,0.149897091152388
2,15,7,4,6.28333333333333,SM,Uninf,MID,9,17.5,1182.66,Uninf,20.625,10,0.261490267307071,0.186954409288068
2,15,7,5,6.28333333333333,SM,Uninf,MID,10,17.5,1243.45,Uninf,20.625,10,0.261490267307071,0.169121520944955
2,15,7,6,6.28333333333333,SM,Uninf,STD,7,17.125,1272.18,Uninf,20.625,10,0.295964797993298,0.182870196582837
2,15,7,7,6.28333333333333,SM,Uninf,STD,8,18.25,1291.77,Uninf,20.625,10,0.194703743542033,0.116682013044999
2,15,7,8,6.28333333333333,SM,Uninf,STD,9,16.625,1225.23,Uninf,20.625,10,0.343124157579034,0.228568328019945
2,15,8,1,6.43333333333333,SM,Pasteuria,MID,7,16.875,1199.96,Pasteuria,21,10,0.339931400463466,0.236079210895823
2,15,8,2,6.43333333333333,SM,Pasteuria,MID,8,17.25,1183.84,Pasteuria,21,10,0.305767296755525,0.218175014637588
2,15,8,3,6.43333333333333,SM,Pasteuria,MID,9,18.125,1200.35,Pasteuria,21,10,0.22885529064666,0.158834618132075
2,15,8,4,6.43333333333333,SM,Pasteuria,MID,10,17.25,1099.53,Pasteuria,21,10,0.305767296755525,0.252916327577705
2,15,8,5,6.43333333333333,SM,Pasteuria,STD,7,16.125,1230.32,Pasteuria,21,10,0.410598303173451,0.271257017563954
2,15,8,6,6.43333333333333,SM,Pasteuria,STD,8,17,1286.87,Pasteuria,21,10,0.328459731088923,0.198341128483672
2,15,8,7,6.43333333333333,SM,Pasteuria,STD,9,16.25,1212.3,Pasteuria,21,10,0.398595122716596,0.271213791429916
2,15,8,8,6.43333333333333,SM,Pasteuria,STD,10,15.5,1277.44,Pasteuria,21,10,0.472045202795164,0.289269447810107
2,22,1,1,6.13333333333333,S,Uninf,MID,7,31.125,1355.55,Both,28,10,-0.172511159689676,-0.0938828169286864
2,22,1,2,6.13333333333333,S,Uninf,MID,9,29,1374.38,Both,28,10,-0.0572141083879408,-0.0302893170408102
2,22,1,3,6.13333333333333,S,Uninf,STD,9,23.625,1539.84,Both,28,10,0.277009299122931,0.116826981138668
2,22,1,4,6.13333333333333,S,Pasteuria,MID,6,25.375,1504.64,Both,28,10,0.160500118717259,0.0708941095071554
2,22,1,5,6.13333333333333,S,Pasteuria,MID,7,30.5,1471.08,Both,28,10,-0.139438326257873,-0.0644331819444212
2,22,1,6,6.13333333333333,S,Pasteuria,MID,9,27,1362.98,Both,28,10,0.0592950720177305,0.0319182913431149
2,22,1,7,6.13333333333333,S,Pasteuria,MID,10,28.5,1320.66,Both,28,10,-0.0288580061403278,-0.016545666760372
2,22,1,8,6.13333333333333,S,Pasteuria,STD,6,29.25,1529.79,Both,28,10,-0.0712093426673832,-0.0304279953673081
2,22,1,9,6.13333333333333,S,Pasteuria,STD,9,30.125,1554.58,Both,28,10,-0.119267741797199,-0.049351100794873
2,22,2,1,6.01666666666667,SM,Uninf,MID,6,23,1229.69,Uninf,22.75,10,-0.0181646601643052,-0.0120125717477109
2,22,2,2,6.01666666666667,SM,Uninf,MID,7,22,1263.63,Uninf,22.75,10,0.055716385659795,0.0348933831954242
2,22,2,3,6.01666666666667,SM,Uninf,MID,8,19.625,1244.18,Uninf,22.75,10,0.245585953011336,0.158648909326542
2,22,2,4,6.01666666666667,SM,Uninf,MID,9,19.25,1325.15,Uninf,22.75,10,0.27765221827673,0.158114269446524
2,22,2,5,6.01666666666667,SM,Uninf,MID,10,21.5,1359.43,Uninf,22.75,10,0.0939261112410123,0.0508244447162837
2,22,2,6,6.01666666666667,SM,Uninf,STD,7,18,1325.36,Uninf,22.75,10,0.389241087258939,0.221590408709669
2,22,2,7,6.01666666666667,SM,Uninf,STD,9,21.5,1341.07,Uninf,22.75,10,0.0939261112410123,0.0522256010883497
2,22,3,1,6.3,SM,Pasteuria,MID,7,23.875,1311.58,Pasteuria,21,10,-0.203665791497415,-0.118393679542915
2,22,3,2,6.3,SM,Pasteuria,MID,8,22.375,1241.19,Pasteuria,21,10,-0.100669565773803,-0.0653463988972051
2,22,3,3,6.3,SM,Pasteuria,MID,9,20.375,1273.15,Pasteuria,21,10,0.0479583787245975,0.0295873006091101
2,22,3,4,6.3,SM,Pasteuria,MID,10,19.375,1177.39,Pasteuria,21,10,0.127839464260337,0.0922198170315348
2,22,3,5,6.3,SM,Pasteuria,STD,7,19.375,1378.68,Pasteuria,21,10,0.127839464260337,0.0672570773239405
2,22,3,6,6.3,SM,Pasteuria,STD,8,20.125,1370.51,Pasteuria,21,10,0.0675549435218985,0.0359660478511707
2,22,3,7,6.3,SM,Pasteuria,STD,9,22.125,1316.17,Pasteuria,21,10,-0.0828345288421747,-0.0478175621819738
2,22,3,8,6.3,SM,Pasteuria,STD,10,21.25,1484.85,Pasteuria,21,10,-0.018784853407941,-0.00852005981379984
2,22,4,1,6.1,M,Uninf,MID,7,7.875,1128,Uninf,7.375,10,-0.107536528665268,-0.0845157819221774
2,22,4,2,6.1,M,Uninf,MID,9,8.625,1127.9,Uninf,7.375,10,-0.256670591297606,-0.201759929643987
2,22,4,3,6.1,M,Uninf,MID,10,8.75,1237.44,Uninf,7.375,10,-0.280258685481377,-0.183025153552683
2,22,4,4,6.1,M,Uninf,STD,8,8.125,1229.35,Uninf,7.375,10,-0.158770206540848,-0.105055288228479
2,22,4,5,6.1,M,Uninf,STD,9,8.75,1204.31,Uninf,7.375,10,-0.280258685481377,-0.19323353353131
2,22,5,1,6.31666666666667,M,Pasteuria,MID,7,8.375,1207.54,Pasteuria,8.125,10,-0.0479768065889112,-0.0329024536325306
2,22,5,2,6.31666666666667,M,Pasteuria,MID,8,7.875,1151.06,Pasteuria,8.125,10,0.0494763221700858,0.0373423361789283
2,22,5,3,6.31666666666667,M,Pasteuria,MID,10,7.25,1138.94,Pasteuria,8.125,10,0.180386690262614,0.139060183646066
2,22,5,4,6.31666666666667,M,Pasteuria,STD,8,8.125,1321.55,Pasteuria,8.125,10,0,0
2,22,5,5,6.31666666666667,M,Pasteuria,STD,9,7.5,1230.11,Pasteuria,8.125,10,0.12671668760982,0.0837424984311326
2,22,5,6,6.31666666666667,M,Pasteuria,STD,10,7,1182.38,Pasteuria,8.125,10,0.235940230860931,0.168767124183652
2,22,6,1,6,M+,Uninf,MID,6,8,1121.34,Uninf,8.375,10,0.0763492267188237,0.0607197554786242
2,22,6,2,6,M+,Uninf,MID,8,10.125,1128.05,Uninf,8.375,10,-0.316260892135788,-0.248535706741619
2,22,6,3,6,M+,Uninf,MID,9,9.875,1054.41,Uninf,8.375,10,-0.27459205512676,-0.246984065600388
2,22,6,4,6,M+,Uninf,MID,10,9.125,1237.35,Uninf,8.375,10,-0.142944702929042,-0.0933647505304158
2,22,6,5,6,M+,Uninf,STD,6,9,1145.73,Uninf,8.375,10,-0.119955832708483,-0.0913811880622901
2,22,6,6,6,M+,Uninf,STD,8,8.125,1183.07,Uninf,8.375,10,0.0505089158255482,0.0360866994807072
2,22,6,7,6,M+,Uninf,STD,9,9.75,1291.77,Uninf,8.375,10,-0.25336034549771,-0.151833727491055
2,22,6,8,6,M+,Uninf,STD,10,9.5,1284.55,Uninf,8.375,10,-0.210067868158942,-0.127308558631935
2,22,7,1,6.23333333333333,M+,Pasteuria,MID,8,7.75,1148.2,Pasteuria,9.5,10,0.326629339959208,0.247753676717509
2,22,7,2,6.23333333333333,M+,Pasteuria,MID,9,8.375,1133.65,Pasteuria,9.5,10,0.202204365072779,0.157337607501156
2,22,7,3,6.23333333333333,M+,Pasteuria,MID,10,9.375,1160.04,Pasteuria,9.5,10,0.0212490268716913,0.015790399448096
2,22,7,4,6.23333333333333,M+,Pasteuria,STD,7,9.375,1346.74,Pasteuria,9.5,10,0.0212490268716913,0.0117157886048153
2,29,1,1,6.05,S,Uninf,MID,7,24,1562.27,Both,31.5,10,0.44947721567544,0.184160080277943
2,29,1,2,6.05,S,Uninf,MID,9,26,1493.25,Both,31.5,10,0.317175219520835,0.142244080513473
2,29,1,3,6.05,S,Uninf,STD,9,27.125,1599.69,Both,31.5,10,0.247159890861097,0.0965842551408006
2,29,1,4,6.05,S,Pasteuria,MID,6,27.875,1578.91,Both,31.5,10,0.202078208349264,0.0810596514604158
2,29,1,5,6.05,S,Pasteuria,MID,7,25.125,1572.35,Both,31.5,10,0.3737589743014,0.151179595592602
2,29,1,6,6.05,S,Pasteuria,MID,9,27.875,1410.22,Both,31.5,10,0.202078208349264,0.101612174054852
2,29,1,7,6.05,S,Pasteuria,MID,10,27.875,1487.84,Both,31.5,10,0.202078208349264,0.0912865979081698
2,29,1,8,6.05,S,Pasteuria,STD,6,27,1688.89,Both,31.5,10,0.25479451211117,0.0893279446212807
2,29,1,9,6.05,S,Pasteuria,STD,9,23.375,1591.99,Both,31.5,10,0.493091687036093,0.194557066785578
2,29,2,1,5.96666666666667,SM,Uninf,MID,6,16.5,1378.95,Uninf,15.75,10,-0.077966506650658,-0.0410025661005504
2,29,2,2,5.96666666666667,SM,Uninf,MID,7,16.625,1344.92,Uninf,15.75,10,-0.0906154546429202,-0.0500967289774199
2,29,2,3,5.96666666666667,SM,Uninf,MID,8,14.375,1333.32,Uninf,15.75,10,0.153100187578036,0.0861205779155916
2,29,2,4,5.96666666666667,SM,Uninf,MID,9,17.5,1426.82,Uninf,15.75,10,-0.176581869817586,-0.0867376665958051
2,29,2,5,5.96666666666667,SM,Uninf,MID,10,14.75,1465.99,Uninf,15.75,10,0.109939579585162,0.0511554672896464
2,29,2,6,5.96666666666667,SM,Uninf,STD,7,15.125,1449.04,Uninf,15.75,10,0.0678626167956487,0.0323198885037974
2,29,2,7,5.96666666666667,SM,Uninf,STD,9,19.125,1381.32,Uninf,15.75,10,-0.325401141521158,-0.170541654596384
2,29,3,1,6.16666666666667,SM,Pasteuria,MID,7,17.375,1492.85,Pasteuria,16.125,10,-0.121072749355167,-0.0543267918753221
2,29,3,2,6.16666666666667,SM,Pasteuria,MID,8,15.75,1352.89,Pasteuria,16.125,10,0.0381575633678821,0.0208475805627836
2,29,3,3,6.16666666666667,SM,Pasteuria,STD,7,14.75,1463.23,Pasteuria,16.125,10,0.144531534966498,0.0675052300447988
2,29,3,4,6.16666666666667,SM,Pasteuria,STD,8,13.75,1435.26,Pasteuria,16.125,10,0.258376278760955,0.125427127467647
2,29,3,5,6.16666666666667,SM,Pasteuria,STD,9,14.125,1457.52,Pasteuria,16.125,10,0.21474257132324,0.10108555581141
2,29,3,6,6.16666666666667,SM,Pasteuria,STD,10,16.375,1596.93,Pasteuria,16.125,10,-0.0249485170369933,-0.00978302079268281
2,29,4,1,6.08333333333333,M,Uninf,MID,9,9.625,1216.25,Both,10,10,0.0628293909373117,0.0424734112928615
2,29,4,2,6.08333333333333,M,Uninf,MID,10,9.75,1313.14,Both,10,10,0.0416183144947232,0.0241358404479886
2,29,4,4,6.08333333333333,M,Pasteuria,MID,8,8.625,1277.66,Both,10,10,0.243156378208146,0.148954994255229
2,29,4,5,6.08333333333333,M,Pasteuria,STD,8,9.375,1407.79,Both,10,10,0.1060907196782,0.053530542364974
2,29,5,1,5.96666666666667,M+,Uninf,MID,9,9.25,1189,Pasteuria,9.375,10,0.0224966821209057,0.0159130989218563
2,29,5,2,5.96666666666667,M+,Uninf,MID,10,9.625,1287.62,Pasteuria,9.375,10,-0.0441072206436428,-0.0266032235962463
2,29,5,3,5.96666666666667,M+,Uninf,STD,6,9.75,1246.81,Pasteuria,9.375,10,-0.0657330388043825,-0.042284690507482
2,29,5,4,5.96666666666667,M+,Uninf,STD,9,9.625,1345.25,Pasteuria,9.375,10,-0.0441072206436428,-0.0243727026866915
2,29,5,5,5.96666666666667,M+,Uninf,STD,10,9.125,1421.94,Pasteuria,9.375,10,0.0452994509294735,0.022404249234902
2,29,5,6,5.96666666666667,M+,Pasteuria,MID,10,9.625,1293.03,Pasteuria,9.375,10,-0.0441072206436428,-0.0263810750708323
2,29,5,7,5.96666666666667,M+,Pasteuria,STD,7,10.875,1508.49,Pasteuria,9.375,10,-0.248748611930067,-0.109314002191133
2,36,1,1,6.1,S,Uninf,MID,7,31.875,1636.05,Both,31.25,10,-0.0324633234363595,-0.0121282973023685
2,36,1,2,6.1,S,Uninf,MID,9,36,1590.8,Both,31.25,10,-0.231966495530654,-0.0916630062807453
2,36,1,3,6.1,S,Uninf,STD,9,34.875,1656.12,Both,31.25,10,-0.17991944911331,-0.0655985906412728
2,36,1,4,6.1,S,Pasteuria,MID,6,29.375,1637.22,Both,31.25,10,0.101435088062439,0.0378420040653494
2,36,1,5,6.1,S,Pasteuria,MID,7,31.75,1710.6,Both,31.25,10,-0.0260218838627707,-0.00889286703538934
2,36,1,6,6.1,S,Pasteuria,MID,10,33.625,1576.2,Both,31.25,10,-0.120082724163267,-0.0483345728902822
2,36,1,7,6.1,S,Pasteuria,STD,6,28.25,1839.04,Both,31.25,10,0.165452325557313,0.048920459200875
2,36,1,8,6.1,S,Pasteuria,STD,9,25.375,1726.59,Both,31.25,10,0.341401539049933,0.114521501141312
2,36,2,1,6.01666666666667,SM,Uninf,MID,6,20.125,1453.22,Uninf,22.125,10,0.157471525079279,0.0745657346595315
2,36,2,2,6.01666666666667,SM,Uninf,MID,7,19.75,1402.11,Uninf,22.125,10,0.188733572654065,0.0960030404469225
2,36,2,3,6.01666666666667,SM,Uninf,MID,8,20.25,1434.78,Uninf,22.125,10,0.147180161786335,0.0714954900889389
2,36,2,4,6.01666666666667,SM,Uninf,MID,9,22.125,1479.44,Uninf,22.125,10,0,0
2,36,2,5,6.01666666666667,SM,Uninf,MID,10,20.75,1575.67,Uninf,22.125,10,0.106640350499644,0.0429527556270701
2,36,2,6,6.01666666666667,SM,Uninf,STD,7,21.75,1581.08,Uninf,22.125,10,0.0284118005971748,0.0113655659897328
2,36,3,1,6.11666666666667,SM,Pasteuria,MID,7,23.75,1651.39,Pasteuria,21.875,10,-0.13444920692693,-0.0493013650359386
2,36,3,2,6.11666666666667,SM,Pasteuria,MID,8,22.5,1423.43,Pasteuria,21.875,10,-0.0460559296458245,-0.0227307268718961
2,36,3,3,6.11666666666667,SM,Pasteuria,STD,7,22.75,1551.62,Pasteuria,21.875,10,-0.0641210569263452,-0.0266336037756313
2,36,3,4,6.11666666666667,SM,Pasteuria,STD,8,22,1620.73,Pasteuria,21.875,10,-0.00931556585499367,-0.00354640146942571
2,36,3,5,6.11666666666667,SM,Pasteuria,STD,9,21,1505.5,Pasteuria,21.875,10,0.0667389556189459,0.0294454290292159
2,36,3,6,6.11666666666667,SM,Pasteuria,STD,10,21,1739.91,Pasteuria,21.875,10,0.0667389556189459,0.0220457987133479
2,36,4,1,6.13333333333333,M,Uninf,MID,9,9.625,1280.35,Both,7.5,10,-0.406729662442799,-0.248112379978376
2,36,4,2,6.13333333333333,M,Uninf,MID,10,7.625,1370.05,Both,7.5,10,-0.0269499488334954,-0.0143577078116207
2,36,4,3,6.13333333333333,M,Pasteuria,MID,8,7.25,1300.75,Both,7.5,10,0.0552742690364369,0.0326689622389229
2,36,4,4,6.13333333333333,M,Pasteuria,STD,8,8.625,1544,Both,7.5,10,-0.227872732133411,-0.0955867658080633
2,36,5,1,6.11666666666667,M+,Uninf,MID,10,8.375,1375.56,Both,7.5,10,-0.180405543055366,-0.0953434363047959
2,36,5,2,6.11666666666667,M+,Uninf,STD,6,8.875,1377.47,Both,7.5,10,-0.27520759915948,-0.145042782765504
2,36,5,3,6.11666666666667,M+,Uninf,STD,10,9.25,1520.35,Both,7.5,10,-0.342867353104201,-0.148333409014096
2,36,5,4,6.11666666666667,M+,Pasteuria,MID,10,8.625,1402.62,Both,7.5,10,-0.228493638760478,-0.116143272682753
2,36,5,5,6.11666666666667,M+,Pasteuria,STD,7,8.875,1583.55,Both,7.5,10,-0.27520759915948,-0.109748062128892
3,7,1,1,6.31666666666667,S,Uninf,MID,1,28.75,913.61,Uninf,28.625,10,-0.00689810876351814,-0.00826434328405402
3,7,1,2,6.31666666666667,S,Uninf,MID,2,27.875,987.4,Uninf,28.625,10,0.0420320297004556,0.0431115975617836
3,7,1,3,6.31666666666667,S,Uninf,MID,3,28.125,867.39,Uninf,28.625,10,0.0278969942213499,0.0370790493192449
3,7,1,4,6.31666666666667,S,Uninf,MID,4,24.25,1011.5,Uninf,28.625,10,0.262581284154478,0.256644518980296
3,7,1,5,6.31666666666667,S,Uninf,MID,5,26.75,1016.76,Uninf,28.625,10,0.107249586067106,0.103742980216102
3,7,1,6,6.31666666666667,S,Uninf,STD,1,26.125,1192.06,Uninf,28.625,10,0.144677179297248,0.101813133121931
3,7,1,7,6.31666666666667,S,Uninf,STD,2,26.125,1064.87,Uninf,28.625,10,0.144677179297248,0.127587124261707
3,7,1,8,6.31666666666667,S,Uninf,STD,3,26.625,1041.75,Uninf,28.625,10,0.114664650941659,0.105658036345806
3,7,1,9,6.31666666666667,S,Uninf,STD,4,22.75,1148.68,Uninf,28.625,10,0.363665408671416,0.275615650323697
3,7,1,10,6.31666666666667,S,Uninf,STD,5,27,1097.74,Uninf,28.625,10,0.0925228430660812,0.0767803328245097
3,7,2,1,6.58333333333333,S,Metsch,MID,1,24.625,1001.62,Metsch,28.25,10,0.208604461571084,0.20793022195986
3,7,2,2,6.58333333333333,S,Metsch,MID,2,25,1063.67,Metsch,28.25,10,0.185647037049493,0.164087009972918
3,7,2,3,6.58333333333333,S,Metsch,MID,3,26.125,978.65,Metsch,28.25,10,0.118785945277177,0.124025291714869
3,7,2,4,6.58333333333333,S,Metsch,MID,4,22.875,997.74,Metsch,28.25,10,0.320580526224099,0.322034477237918
3,7,2,5,6.58333333333333,S,Metsch,MID,5,23.125,899.64,Metsch,28.25,10,0.304069631687029,0.375695102992201
3,7,2,6,6.58333333333333,S,Metsch,STD,1,29.75,1033.96,Metsch,28.25,10,-0.0785858345304134,-0.0735083701772062
3,7,2,7,6.58333333333333,S,Metsch,STD,2,32.375,1106.13,Metsch,28.25,10,-0.207027436598357,-0.169205923373291
3,7,2,8,6.58333333333333,S,Metsch,STD,3,32.625,1066.17,Metsch,28.25,10,-0.218712012228467,-0.19240649132772
3,7,2,9,6.58333333333333,S,Metsch,STD,4,39.625,1087.4,Metsch,28.25,10,-0.513974847501258,-0.434673544954884
3,7,2,10,6.58333333333333,S,Metsch,STD,5,34.875,1089.93,Metsch,28.25,10,-0.320015365897336,-0.269385129827591
3,7,3,1,6.06666666666667,SM,Uninf,MID,1,19,734.11,Uninf,19,10,0,0
3,7,3,2,6.06666666666667,SM,Uninf,MID,2,19.75,880.09,Uninf,19,10,-0.0638151299681711,-0.0823890481348079
3,7,3,3,6.06666666666667,SM,Uninf,MID,3,18.375,819.07,Uninf,19,10,0.0551339572541868,0.0821820795398876
3,7,3,4,6.06666666666667,SM,Uninf,MID,4,19,839.56,Uninf,19,10,0,0
3,7,3,5,6.06666666666667,SM,Uninf,MID,5,18.125,891.63,Uninf,19,10,0.0777144699324755,0.0977535513913118
3,7,3,6,6.06666666666667,SM,Uninf,STD,1,18.375,987.75,Uninf,19,10,0.0551339572541868,0.0565099715290458
3,7,3,7,6.06666666666667,SM,Uninf,STD,2,18.375,980.86,Uninf,19,10,0.0551339572541868,0.0573066625986078
3,7,3,8,6.06666666666667,SM,Uninf,STD,3,19.25,995.7,Uninf,19,10,-0.0215473871989336,-0.021733896852109
3,7,3,9,6.06666666666667,SM,Uninf,STD,4,20.25,965.21,Uninf,19,10,-0.105026067669409,-0.112733626952511
3,7,3,10,6.06666666666667,SM,Uninf,STD,5,19.5,998.27,Uninf,19,10,-0.0428167358295505,-0.0429652670628401
3,7,4,1,6.31666666666667,SM,Metsch,MID,1,18.75,809.71,Metsch,19.125,10,0.031349805745931,0.0478162868711376
3,7,4,2,6.31666666666667,SM,Metsch,MID,2,18.625,834.71,Metsch,19.125,10,0.0419392328975882,0.0601934519331494
3,7,4,3,6.31666666666667,SM,Metsch,MID,3,18.75,885.42,Metsch,19.125,10,0.031349805745931,0.0399885999128817
3,7,4,4,6.31666666666667,SM,Metsch,MID,4,18.5,926.03,Metsch,19.125,10,0.0525999698601381,0.0613388151042898
3,7,4,5,6.31666666666667,SM,Metsch,MID,5,17.125,968.14,Metsch,19.125,10,0.174865956038487,0.186564470011303
3,7,4,6,6.31666666666667,SM,Metsch,STD,1,18.75,1006.54,Metsch,19.125,10,0.031349805745931,0.0309437381378972
3,7,4,7,6.31666666666667,SM,Metsch,STD,2,21.625,959.61,Metsch,19.125,10,-0.194491303069145,-0.211208141928237
3,7,4,8,6.31666666666667,SM,Metsch,STD,3,20.5,1056.48,Metsch,19.125,10,-0.109913202794348,-0.0984752978898093
3,7,4,9,6.31666666666667,SM,Metsch,STD,4,20.25,973.68,Metsch,19.125,10,-0.0904882541001828,-0.0954464346267396
3,7,4,10,6.31666666666667,SM,Metsch,STD,5,20.125,998.85,Metsch,19.125,10,-0.0806856626786713,-0.0808715603147568
3,7,5,1,6.76666666666667,M,Uninf,MID,1,10.25,720.21,Uninf,9.75,10,-0.0739070254797949,-0.14248443654055
3,7,5,2,6.76666666666667,M,Uninf,MID,2,9.25,873.02,Uninf,9.75,10,0.0777986209144167,0.102075969266016
3,7,5,3,6.76666666666667,M,Uninf,MID,3,10.125,800.82,Uninf,9.75,10,-0.0557738837184931,-0.0869683168894342
3,7,5,4,6.76666666666667,M,Uninf,MID,4,10.75,867.31,Uninf,9.75,10,-0.14429330477426,-0.191821583881108
3,7,5,5,6.76666666666667,M,Uninf,MID,5,9.5,957.86,Uninf,9.75,10,0.0383874183299418,0.0418393404999395
3,7,5,6,6.76666666666667,M,Uninf,STD,1,9.75,931.93,Uninf,9.75,10,0,0
3,7,5,7,6.76666666666667,M,Uninf,STD,2,9.125,926.05,Uninf,9.75,10,0.0979054958736957,0.114166371749478
3,7,5,8,6.76666666666667,M,Uninf,STD,3,9.375,932.37,Uninf,9.75,10,0.0579616450541107,0.0666751683078082
3,7,5,9,6.76666666666667,M,Uninf,STD,4,10.75,940.55,Uninf,9.75,10,-0.14429330477426,-0.163110682421519
3,7,5,10,6.76666666666667,M,Uninf,STD,5,10,904.63,Uninf,9.75,10,-0.0374154797797388,-0.0457203289581259
3,7,6,1,6.93333333333333,M,Metsch,MID,1,9.75,878.57,Metsch,10.125,10,0.0544331653598755,0.0705197640705354
3,7,6,2,6.93333333333333,M,Metsch,MID,2,8.125,834.78,Metsch,10.125,10,0.31739694919731,0.455468846364908
3,7,6,4,6.93333333333333,M,Metsch,MID,4,9.625,873.11,Metsch,10.125,10,0.0730438454116659,0.0958176916328034
3,7,6,5,6.93333333333333,M,Metsch,MID,5,10.625,883.3,Metsch,10.125,10,-0.0695222622373234,-0.0891060997476277
3,7,6,6,6.93333333333333,M,Metsch,STD,1,10.25,1023.59,Metsch,10.125,10,-0.0176972489305013,-0.0168909350122893
3,7,6,7,6.93333333333333,M,Metsch,STD,2,10.375,942.63,Metsch,10.125,10,-0.0351799804675372,-0.0395925140151432
3,7,6,8,6.93333333333333,M,Metsch,STD,3,9,964.26,Metsch,10.125,10,0.169879378350553,0.182705810883465
3,7,6,9,6.93333333333333,M,Metsch,STD,4,10.625,915.68,Metsch,10.125,10,-0.0695222622373234,-0.0829156363930909
3,7,6,10,6.93333333333333,M,Metsch,STD,5,10,978.86,Metsch,10.125,10,0.017917096151765,0.018699347847692
3,7,7,1,6.45,M+,Uninf,MID,1,10,849.64,Uninf,9.625,10,-0.0592576942948806,-0.082087087825804
3,7,7,2,6.45,M+,Uninf,MID,2,9.5,868.73,Uninf,9.625,10,0.0202667931276785,0.0268543964321022
3,7,7,3,6.45,M+,Uninf,MID,3,11,899.92,Uninf,9.625,10,-0.207025414921741,-0.255632375738024
3,7,7,4,6.45,M+,Uninf,MID,4,10.5,911.45,Uninf,9.625,10,-0.134901359673844,-0.16238676438168
3,7,7,5,6.45,M+,Uninf,MID,5,9.625,773.01,Uninf,9.625,10,0,0
3,7,7,6,6.45,M+,Uninf,STD,1,11,947.6,Uninf,9.625,10,-0.207025414921741,-0.23055447683359
3,7,7,7,6.45,M+,Uninf,STD,2,11.25,930.95,Uninf,9.625,10,-0.241867051901676,-0.279076969625833
3,7,7,8,6.45,M+,Uninf,STD,3,10.25,973.88,Uninf,9.625,10,-0.0975408145900298,-0.102843176943583
3,7,7,9,6.45,M+,Uninf,STD,4,9.875,951.02,Uninf,9.625,10,-0.0397557063772679,-0.043956203349742
3,7,7,10,6.45,M+,Uninf,STD,5,11.375,1026.33,Uninf,9.625,10,-0.258998580873126,-0.245880075108699
3,7,8,1,6.61666666666667,M+,Metsch,MID,1,9.75,766.19,Metsch,10.75,10,0.147564437628084,0.25136728140054
3,7,8,2,6.61666666666667,M+,Metsch,MID,2,9,902.19,Metsch,10.75,10,0.268535784237963,0.329918104628759
3,7,8,3,6.61666666666667,M+,Metsch,MID,3,9.375,781.06,Metsch,10.75,10,0.206840074635563,0.339051672963003
3,7,8,4,6.61666666666667,M+,Metsch,MID,4,10.25,827.99,Metsch,10.75,10,0.0719819380190243,0.104996144520114
3,7,8,5,6.61666666666667,M+,Metsch,MID,5,9.5,891.24,Metsch,10.75,10,0.186822099698503,0.235200861900355
3,7,8,6,6.61666666666667,M+,Metsch,STD,1,10.625,872.07,Metsch,10.75,10,0.0176766344028077,0.023243251768501
3,7,8,7,6.61666666666667,M+,Metsch,STD,2,10.125,907.96,Metsch,10.75,10,0.090526158560809,0.109809688428944
3,7,8,8,6.61666666666667,M+,Metsch,STD,3,10.875,949.11,Metsch,10.75,10,-0.017472275669133,-0.0193961875440997
3,7,8,9,6.61666666666667,M+,Metsch,STD,4,10.75,870.6,Metsch,10.75,10,0,0
3,7,8,10,6.61666666666667,M+,Metsch,STD,5,11.125,917.81,Metsch,10.75,10,-0.0518222772976811,-0.0615192345852609
3,14,1,1,6.06666666666667,S,Uninf,MID,1,22.875,1121.83,Uninf,26.125,10,0.218980383170423,0.174000746650711
3,14,1,2,6.06666666666667,S,Uninf,MID,2,24.5,1346.65,Uninf,26.125,10,0.105856471540045,0.0583724528346127
3,14,1,3,6.06666666666667,S,Uninf,MID,3,25.25,1204.79,Uninf,26.125,10,0.0561536613685818,0.0386861374402518
3,14,1,4,6.06666666666667,S,Uninf,MID,4,27.25,1299.57,Uninf,26.125,10,-0.0694958420180405,-0.0411490171661414
3,14,1,5,6.06666666666667,S,Uninf,MID,5,26.25,1198.15,Uninf,26.125,10,-0.00786804189998496,-0.0054808041056681
3,14,1,6,6.06666666666667,S,Uninf,STD,1,23.75,1438.46,Uninf,26.125,10,0.157104691985151,0.0759265341831556
3,14,1,7,6.06666666666667,S,Uninf,STD,2,23.625,1432.17,Uninf,26.125,10,0.165803137755773,0.0808357739390563
3,14,1,8,6.06666666666667,S,Uninf,STD,3,28.625,1379.29,Uninf,26.125,10,-0.150639150971586,-0.0791820395823803
3,14,1,9,6.06666666666667,S,Uninf,STD,4,25.75,1539.12,Uninf,26.125,10,0.0238320052338958,0.0100604086586033
3,14,2,1,6.26666666666667,S,Metsch,MID,1,24.25,1230.18,Metsch,26.625,10,0.149096819116113,0.0985215087579732
3,14,2,2,6.26666666666667,S,Metsch,MID,2,22.25,1383.07,Metsch,26.625,10,0.28644991821916,0.149747775681811
3,14,2,3,6.26666666666667,S,Metsch,MID,3,22.625,1175.28,Metsch,26.625,10,0.259779469856808,0.188071130327406
3,14,2,4,6.26666666666667,S,Metsch,MID,4,24.5,1221.06,Metsch,26.625,10,0.132730063530172,0.0890215789396374
3,14,2,5,6.26666666666667,S,Metsch,MID,5,23.125,1164.29,Metsch,26.625,10,0.224898415900692,0.165906752238816
3,14,2,6,6.26666666666667,S,Metsch,STD,1,20.5,1339.11,Metsch,26.625,10,0.417168730667915,0.232637242563443
3,14,2,7,6.26666666666667,S,Metsch,STD,3,25.625,1336.01,Metsch,26.625,10,0.0610885955920484,0.034224784582621
3,14,2,8,6.26666666666667,S,Metsch,STD,4,25,1394.93,Metsch,26.625,10,0.10049170078945,0.0516446534536868
3,14,2,9,6.26666666666667,S,Metsch,STD,5,24.625,1262.56,Metsch,26.625,10,0.124609207933143,0.0781710748256941
3,14,3,1,6,M,Uninf,MID,1,11.375,909.25,Uninf,10.625,10,-0.113680416710889,-0.137505173198461
3,14,3,2,6,M,Uninf,MID,2,10,1090,Uninf,10.625,10,0.101041036360724,0.0850442188037407
3,14,3,3,6,M,Uninf,MID,3,11.75,983.17,Uninf,10.625,10,-0.167739209632813,-0.173531114447844
3,14,3,4,6,M,Uninf,MID,4,10.875,1080.04,Uninf,10.625,10,-0.0387614369404458,-0.0332292231502048
3,14,3,5,6,M,Uninf,MID,5,10.25,1119.89,Uninf,10.625,10,0.0598866820434389,0.0477506754082241
3,14,3,6,6,M,Uninf,STD,1,9.25,1137.97,Uninf,10.625,10,0.230976938810244,0.178363914537113
3,14,3,7,6,M,Uninf,STD,2,11.375,1178.5,Uninf,10.625,10,-0.113680416710889,-0.0818514699430337
3,14,3,8,6,M,Uninf,STD,3,10.625,1165.58,Uninf,10.625,10,0,0
3,14,3,9,6,M,Uninf,STD,4,10.875,1219.16,Uninf,10.625,10,-0.0387614369404458,-0.0260782508213622
3,14,3,10,6,M,Uninf,STD,5,11.875,1200.9,Uninf,10.625,10,-0.185376058517041,-0.128540490929747
3,14,4,1,6.28333333333333,M,Metsch,STD,4,11.875,1165.39,Metsch,10,10,-0.273501735161792,-0.201380544884359
3,14,4,2,6.28333333333333,M,Metsch,STD,5,11.25,1197.67,Metsch,10,10,-0.187453107145438,-0.130682760889368
3,14,4,3,6.28333333333333,M,Metsch,MID,1,10.25,1040.64,Metsch,10,10,-0.0392985876769834,-0.0362890761785955
3,14,4,4,6.28333333333333,M,Metsch,MID,2,11.25,968.71,Metsch,10,10,-0.187453107145438,-0.19975841229682
3,14,4,5,6.28333333333333,M,Metsch,MID,3,10.125,1051.8,Metsch,10,10,-0.01977058885712,-0.0178711817573228
3,14,4,6,6.28333333333333,M,Metsch,MID,4,8.875,1079.87,Metsch,10,10,0.189941789335649,0.162883679972781
3,14,4,7,6.28333333333333,M,Metsch,MID,5,11.125,1061.37,Metsch,10,10,-0.169670665875212,-0.150616707029919
3,14,5,1,6.21666666666667,SM,Uninf,MID,1,17.5,1011.22,Uninf,21.625,10,0.340454431992184,0.332941315424564
3,14,5,2,6.21666666666667,SM,Uninf,MID,2,15.75,1111.87,Uninf,21.625,10,0.509935154229975,0.412483829595882
3,14,5,3,6.21666666666667,SM,Uninf,MID,3,17.625,1023.46,Uninf,21.625,10,0.329005422176318,0.314095206028372
3,14,5,4,6.21666666666667,SM,Uninf,MID,4,17.75,1068.88,Uninf,21.625,10,0.317637324766518,0.278018456333572
3,14,5,5,5.61666666666667,SM,Uninf,MID,5,15.25,1105.69,NA,NA,10,NA,NA
3,14,5,6,6.21666666666667,SM,Uninf,STD,1,16.75,1283.27,Uninf,21.625,10,0.410914414820699,0.249525706222743
3,14,5,7,6.21666666666667,SM,Uninf,STD,2,18.875,1248.49,Uninf,21.625,10,0.21878566919494,0.140361737417532
3,14,5,8,6.21666666666667,SM,Uninf,STD,3,17.875,1247.29,Uninf,21.625,10,0.306349004135987,0.196916266025961
3,14,5,9,6.21666666666667,SM,Uninf,STD,4,18.625,1267.8,Uninf,21.625,10,0.240233708127056,0.149462571503361
3,14,5,10,6.21666666666667,SM,Uninf,STD,5,20.875,1282.7,Uninf,21.625,10,0.0567792741249713,0.034509577849155
3,14,6,1,6.48333333333333,SM,Metsch,MID,1,14.875,1066.24,Metsch,20.125,10,0.466242990035373,0.410111901864364
3,14,6,3,6.48333333333333,SM,Metsch,MID,3,14.125,1164.53,Metsch,20.125,10,0.546040945406872,0.402646425288814
3,14,6,4,6.48333333333333,SM,Metsch,MID,4,17.5,1125.12,Metsch,20.125,10,0.215571119344717,0.170291467216886
3,14,6,5,6.48333333333333,SM,Metsch,MID,5,15,1163.26,Metsch,20.125,10,0.453335664065424,0.335016577189838
3,14,6,6,6.48333333333333,SM,Metsch,STD,1,15.75,1266.98,Metsch,20.125,10,0.378080912133138,0.235529458354151
3,14,6,7,6.48333333333333,SM,Metsch,STD,2,17.5,1321.06,Metsch,20.125,10,0.215571119344717,0.123522334512238
3,14,6,8,6.48333333333333,SM,Metsch,STD,3,17.875,1338.27,Metsch,20.125,10,0.182868485436333,0.102106028198005
3,14,6,9,6.48333333333333,SM,Metsch,STD,4,20.125,1283.9,Metsch,20.125,10,0,0
3,14,7,1,6.16666666666667,M+,Uninf,MID,1,10.125,1011.86,Uninf,9.625,10,-0.0821249721385216,-0.080211082795784
3,14,7,2,6.16666666666667,M+,Uninf,MID,2,8.5,1072.88,Uninf,9.625,10,0.201563864882558,0.175109770212513
3,14,7,3,6.16666666666667,M+,Uninf,MID,3,9,1108.87,Uninf,9.625,10,0.1088745451421,0.0885452127257217
3,14,7,4,6.16666666666667,M+,Uninf,MID,4,9.125,1082.33,Uninf,9.625,10,0.0865069957383125,0.0738468265796175
3,14,7,5,6.16666666666667,M+,Uninf,MID,5,9.625,1020.48,Uninf,9.625,10,0,0
3,14,7,6,6.16666666666667,M+,Uninf,STD,1,7.75,1166.37,Uninf,9.625,10,0.351358438067988,0.258272226449407
3,14,7,7,6.16666666666667,M+,Uninf,STD,2,8.625,1184.17,Uninf,9.625,10,0.177890136091499,0.126859722949563
3,14,7,8,6.16666666666667,M+,Uninf,STD,3,9.625,1216.16,Uninf,9.625,10,0,0
3,14,7,9,6.16666666666667,M+,Uninf,STD,5,8.25,1261.5,Uninf,9.625,10,0.249974075395554,0.157079843887636
3,14,8,1,6.5,M+,Metsch,MID,2,10.875,1029.36,Metsch,11,10,0.0175826089594196,0.0165939104289409
3,14,8,2,6.5,M+,Metsch,MID,3,9.5,957.67,Metsch,11,10,0.225543806449039,0.245922995301073
3,14,8,3,6.5,M+,Metsch,MID,4,9.875,986.22,Metsch,11,10,0.165983018478746,0.170653832931036
3,14,8,4,6.5,M+,Metsch,MID,5,10,1062.31,Metsch,11,10,0.146631045852807,0.129934174857551
3,14,8,5,6.5,M+,Metsch,STD,1,9.42857142857143,1140.84,Metsch,11,10,0.237154892041936,0.182214363283257
3,14,8,6,6.5,M+,Metsch,STD,2,11.125,1176.03,Metsch,11,10,-0.0173839311598973,-0.012569302908056
3,14,8,7,6.5,M+,Metsch,STD,3,9.375,1230.09,Metsch,11,10,0.245921078372148,0.162525675108217
3,14,8,8,6.5,M+,Metsch,STD,4,9.25,1114.83,Metsch,11,10,0.266571878883133,0.214485056179946
3,14,8,9,6.5,M+,Metsch,STD,5,8.375,1124.97,Metsch,11,10,0.419452607826524,0.331437020860949
3,21,1,1,6.03333333333333,S,Uninf,MID,1,39.125,1420.13,Both,42.25,10,0.127363599352816,0.0631522924316486
3,21,1,2,6.03333333333333,S,Uninf,MID,2,27.25,1618.64,Both,42.25,10,0.726879833194358,0.27743553268588
3,21,1,3,6.03333333333333,S,Uninf,MID,3,29,1472.72,Both,42.25,10,0.623715785331561,0.287571846553516
3,21,1,4,6.03333333333333,S,Uninf,MID,5,30.625,1489.88,Both,42.25,10,0.533349754041367,0.240275516015462
3,21,1,5,6.03333333333333,S,Uninf,STD,1,31.875,1618.66,Both,42.25,10,0.467042569598772,0.178256427231367
3,21,1,6,6.03333333333333,S,Uninf,STD,2,33,1525.6,Both,42.25,10,0.409552694480722,0.17596586448847
3,21,1,7,6.03333333333333,S,Uninf,STD,3,34.375,1505.5,Both,42.25,10,0.341891930082509,0.150843753390236
3,21,1,8,6.03333333333333,S,Uninf,STD,4,37.25,1651.43,Both,42.25,10,0.208760898857924,0.0765471134979376
3,21,1,9,6.03333333333333,S,Metsch,MID,2,36.25,1549.46,Both,42.25,10,0.253864595308009,0.10574050950551
3,21,2,1,6.03333333333333,M,Uninf,MID,1,15,1113.44,Uninf,16.125,10,0.119868499855734,0.096687745085597
3,21,2,2,6.03333333333333,M,Uninf,MID,2,15.125,1251.41,Uninf,16.125,10,0.106113578063422,0.0677597377757615
3,21,2,3,6.03333333333333,M,Uninf,MID,3,10.75,1233.82,Uninf,16.125,10,0.672041615648892,0.441461216423598
3,21,2,4,6.03333333333333,M,Uninf,MID,5,12.25,1313.59,Uninf,16.125,10,0.455544075731105,0.264004139087426
3,21,2,5,6.03333333333333,M,Uninf,STD,1,13.25,1456.58,Uninf,16.125,10,0.325480624723102,0.153410984152283
3,21,2,6,6.03333333333333,M,Uninf,STD,2,11.25,1456.27,Uninf,16.125,10,0.596689614416697,0.281361501591761
3,21,2,7,6.03333333333333,M,Uninf,STD,3,10.5,1398.66,Uninf,16.125,10,0.711042440085677,0.363472211823334
3,21,2,8,6.03333333333333,M,Uninf,STD,4,13.125,1305.56,Uninf,16.125,10,0.341191250062125,0.200172408095234
3,21,2,9,6.03333333333333,M,Uninf,STD,5,13.5,1490.49,Uninf,16.125,10,0.294499188791358,0.132564112808068
3,21,3,1,6.18333333333333,M,Metsch,MID,2,9.125,1214.73,Metsch,16.25,10,0.933274947666617,0.632484800647719
3,21,3,2,6.18333333333333,M,Metsch,MID,3,10.25,1270.21,Metsch,16.25,10,0.745253697883551,0.461905448042368
3,21,3,3,6.18333333333333,M,Metsch,MID,5,10.875,1186.11,Metsch,16.25,10,0.649530455742855,0.461689060858027
3,21,3,4,6.18333333333333,M,Metsch,STD,4,13.75,1374.42,Metsch,16.25,10,0.270168330991643,0.14301958300284
3,21,3,5,6.18333333333333,M,Metsch,STD,5,11.75,1414.04,Metsch,16.25,10,0.524376821863469,0.262252778043775
3,21,4,1,6,SM,Uninf,MID,1,19.125,1255.3,Uninf,21,10,0.155876763351372,0.0989205043150286
3,21,4,2,6,SM,Uninf,MID,2,17.5,1291.48,Uninf,21,10,0.303869261323257,0.182184489520801
3,21,4,3,6,SM,Uninf,MID,3,19.875,1226.85,Uninf,21,10,0.0917662953050454,0.0609677636014002
3,21,4,4,6,SM,Uninf,MID,4,19.375,1280.99,Uninf,21,10,0.134231437473354,0.0818017815333922
3,21,4,5,6,SM,Uninf,MID,5,18.5,1241.26,Uninf,21,10,0.211252842731907,0.137112497346772
3,21,4,6,6,SM,Uninf,STD,1,19.25,1488.99,Uninf,21,10,0.145018961649383,0.0654095602087324
3,21,4,7,6,SM,Uninf,STD,2,21.75,1456.6,Uninf,21,10,-0.0584855330187832,-0.0275656248280414
3,21,4,8,6,SM,Uninf,STD,3,24.25,1521.81,Uninf,21,10,-0.239823632766782,-0.103555008842435
3,21,4,9,6,SM,Uninf,STD,4,24.875,1533.98,Uninf,21,10,-0.282234742202056,-0.119941942562106
3,21,4,10,6,SM,Uninf,STD,5,22.25,1573.99,Uninf,21,10,-0.0963659514813771,-0.0388973196774099
3,21,5,1,6.18333333333333,SM,Metsch,MID,1,23.125,1213.44,Metsch,27.75,10,0.294859660583215,0.200252869192954
3,21,5,2,6.18333333333333,SM,Metsch,MID,3,26.125,1310.08,Metsch,27.75,10,0.0975899675053397,0.0568603515015201
3,21,5,3,6.18333333333333,SM,Metsch,MID,4,21.375,1276.71,Metsch,27.75,10,0.422124784964344,0.258974099891182
3,21,5,4,6.18333333333333,SM,Metsch,MID,5,21.5,1301.86,Metsch,27.75,10,0.412694725162523,0.243500776917197
3,21,5,5,6.18333333333333,SM,Metsch,STD,1,18.375,1421.32,Metsch,27.75,10,0.666703172658021,0.330026480039432
3,21,5,6,6.18333333333333,SM,Metsch,STD,2,19.25,1435.45,Metsch,27.75,10,0.591468646024771,0.287048702544924
3,21,5,7,6.18333333333333,SM,Metsch,STD,3,19.75,1492.31,Metsch,27.75,10,0.549998407836085,0.246969506460757
3,21,5,8,6.18333333333333,SM,Metsch,STD,4,24.375,1582.53,Metsch,27.75,10,0.209721547129702,0.0837411941243021
3,21,6,1,6.1,M+,Uninf,MID,1,13.25,1218.76,Uninf,12.875,10,-0.0470657473482484,-0.0316860844159728
3,21,6,2,6.1,M+,Uninf,MID,2,12.875,1256.1,Uninf,12.875,10,0,0
3,21,6,3,6.1,M+,Uninf,MID,3,12.125,1267.08,Uninf,12.875,10,0.0983901798791026,0.0612835172310251
3,21,6,4,6.1,M+,Uninf,MID,4,12.25,1213.84,Uninf,12.875,10,0.0815762451787927,0.0553657034147828
3,21,6,5,6.1,M+,Uninf,MID,5,11.625,1156.13,Uninf,12.875,10,0.167425401764557,0.12525873124979
3,21,6,6,6.1,M+,Uninf,STD,1,12.125,1342.12,Uninf,12.875,10,0.0983901798791026,0.0546221836636539
3,21,6,7,6.1,M+,Uninf,STD,2,15.875,1514.18,Uninf,12.875,10,-0.343373931522878,-0.149765682508335
3,21,6,8,6.1,M+,Uninf,STD,3,11.375,1484.97,Uninf,12.875,10,0.203064724119321,0.0920871697914139
3,21,6,9,6.1,M+,Uninf,STD,5,11.375,1386.35,Uninf,12.875,10,0.203064724119321,0.105654673415497
3,21,7,1,6.23333333333333,M+,Metsch,MID,2,11,1200.28,Metsch,10,10,-0.152904031771644,-0.106133820502344
3,21,7,2,6.23333333333333,M+,Metsch,MID,3,9.5,1159.25,Metsch,10,10,0.0822887075736106,0.0612330697617377
3,21,7,3,6.23333333333333,M+,Metsch,MID,4,11,1086.08,Metsch,10,10,-0.152904031771644,-0.129626950543418
3,21,7,4,6.23333333333333,M+,Metsch,MID,5,9.25,1173.8,Metsch,10,10,0.125071991662639,0.090776170027656
3,21,7,5,6.23333333333333,M+,Metsch,STD,1,12,1416.46,Metsch,10,10,-0.292494476140034,-0.145783723706296
3,21,7,6,6.23333333333333,M+,Metsch,STD,2,10.125,1477.42,Metsch,10,10,-0.0199291764682733,-0.00913022342224485
3,21,7,7,6.23333333333333,M+,Metsch,STD,4,10.75,1424.82,Metsch,10,10,-0.11602245173202,-0.0571507630516617
3,21,7,8,6.23333333333333,M+,Metsch,STD,5,14.25,1406.99,Metsch,10,10,-0.568190075487615,-0.287019644488346
4,8,1,1,6.03333333333333,S,Uninf,STD,6,26.375,1252.22,Uninf,27.875,10,0.0916800629569926,0.0584673797432214
4,8,1,2,6.03333333333333,S,Uninf,STD,8,23.625,1244.38,Uninf,27.875,10,0.274184679116811,0.177066800069858
4,8,1,3,6.03333333333333,S,Uninf,STD,9,24.125,1070.29,Uninf,27.875,10,0.239472236279392,0.209050992795942
4,8,1,4,6.03333333333333,S,Uninf,STD,10,24.375,1139.82,Uninf,27.875,10,0.222384883253655,0.171171996533594
4,8,1,5,6.03333333333333,S,Uninf,MID,6,23.375,943.05,Uninf,27.875,10,0.291817383324086,0.328126812788458
4,8,1,6,6.03333333333333,S,Uninf,MID,7,26.5,1153.16,Uninf,27.875,10,0.0838433648421648,0.0630506488677765
4,8,1,7,6.03333333333333,S,Uninf,MID,8,22.5,999.57,Uninf,27.875,10,0.35505235453576,0.355357896621179
4,8,1,8,6.03333333333333,S,Uninf,MID,9,29,959.73,Uninf,27.875,10,-0.0655783428831903,-0.0711970988161329
4,8,1,9,6.03333333333333,S,Uninf,MID,10,29.625,924.53,Uninf,27.875,10,-0.10091994973759,-0.118068761951459
4,8,2,1,6.28333333333333,S,Metsch,STD,6,25.5,1025.06,Metsch,28.5,10,0.177016925904867,0.168467534840308
4,8,2,2,6.28333333333333,S,Metsch,STD,7,25,1225.96,Metsch,28.5,10,0.20853304361762,0.138746578123799
4,8,2,3,6.28333333333333,S,Metsch,STD,8,23,1163.09,Metsch,28.5,10,0.341235869515313,0.252248175020383
4,8,2,4,6.28333333333333,S,Metsch,STD,9,22.5,1201.78,Metsch,28.5,10,0.376215561905937,0.260487454286649
4,8,2,5,6.28333333333333,S,Metsch,STD,10,24.625,1264.86,Metsch,28.5,10,0.232586578593823,0.145378349141948
4,8,2,6,6.28333333333333,S,Metsch,MID,6,25.25,1112.49,Metsch,28.5,10,0.192696973294275,0.155697866476442
4,8,2,7,6.28333333333333,S,Metsch,MID,7,23.625,941.97,Metsch,28.5,10,0.298565433254321,0.336484747036602
4,8,2,8,6.28333333333333,S,Metsch,MID,8,27,1106.57,Metsch,28.5,10,0.086048628016354,0.0702726233125915
4,8,2,9,6.28333333333333,S,Metsch,MID,9,31.375,1056.91,Metsch,28.5,10,-0.152955931316727,-0.136927383252572
4,8,2,10,6.28333333333333,S,Metsch,MID,10,26.375,921.17,Metsch,28.5,10,0.123322273970888,0.145332235101447
4,8,3,1,6.08333333333333,M,Uninf,MID,6,8.375,902.82,Uninf,9.125,10,0.140986556313576,0.172971821980353
4,8,3,2,6.08333333333333,M,Uninf,MID,7,9.125,768.7,Uninf,9.125,10,0,0
4,8,3,3,6.08333333333333,M,Uninf,MID,8,8.625,897.54,Uninf,9.125,10,0.0926349641936412,0.11499191668598
4,8,3,4,6.08333333333333,M,Uninf,MID,10,9.375,833.36,Uninf,9.125,10,-0.0444306943363055,-0.0639761053080287
4,8,3,5,6.08333333333333,M,Uninf,STD,6,8.5,946.43,Uninf,9.125,10,0.116632990639372,0.130210022948822
4,8,3,6,6.08333333333333,M,Uninf,STD,7,9,942.16,Uninf,9.125,10,0.0226739541901408,0.0255433550913404
4,8,3,7,6.08333333333333,M,Uninf,STD,8,9,932.19,Uninf,9.125,10,0.0226739541901408,0.0260926618088948
4,8,3,8,6.08333333333333,M,Uninf,STD,9,9.5,883.52,Uninf,9.125,10,-0.066203669815792,-0.0848104356529095
4,8,3,9,6.08333333333333,M,Uninf,STD,10,9.25,946.56,Uninf,9.125,10,-0.0223654554341569,-0.0249621190610614
4,8,4,2,6.23333333333333,M,Metsch,MID,7,8.75,941.82,Metsch,9.875,10,0.194041620990903,0.218755548213284
4,8,4,3,6.23333333333333,M,Metsch,MID,8,9,825.52,Metsch,9.875,10,0.148847700723475,0.218417248359022
4,8,4,4,6.23333333333333,M,Metsch,MID,9,9.125,949.7,Metsch,9.875,10,0.126719376447001,0.140498002951649
4,8,4,6,6.23333333333333,M,Metsch,STD,6,9,1056.21,Metsch,9.875,10,0.148847700723475,0.133426342247098
4,8,5,1,6.06666666666667,SM,Uninf,MID,6,19.125,899.92,Uninf,22,10,0.230845176339093,0.285044717227269
4,8,5,2,6.06666666666667,SM,Uninf,MID,7,16.125,888.04,Uninf,22,10,0.512096028587604,0.649361223885137
4,8,5,3,6.06666666666667,SM,Uninf,MID,8,17.5,892.66,Uninf,22,10,0.377211383124474,0.473382981837449
4,8,5,4,6.06666666666667,SM,Uninf,MID,9,15.125,852.28,Uninf,22,10,0.617626565013315,0.850278843083716
4,8,5,5,6.06666666666667,SM,Uninf,MID,10,17.25,902.36,Uninf,22,10,0.400929082221342,0.492388485835312
4,8,5,6,6.06666666666667,SM,Uninf,STD,6,18.125,1145.96,Uninf,22,10,0.319368548270732,0.243194207583379
4,8,5,7,6.06666666666667,SM,Uninf,STD,7,17.875,1125.26,Uninf,22,10,0.342262689194909,0.270304823783024
4,8,5,8,6.06666666666667,SM,Uninf,STD,8,17.5,959.93,Uninf,22,10,0.377211383124474,0.409360242117133
4,8,5,9,6.06666666666667,SM,Uninf,STD,9,18.625,1158.02,Uninf,22,10,0.274512674328615,0.204705862551999
4,8,5,10,6.06666666666667,SM,Uninf,STD,10,20.5,1130,Uninf,22,10,0.116402583319704,0.0911602970629678
4,8,6,1,6.16666666666667,M+,Uninf,MID,6,9.75,845.7,Uninf,9.25,10,-0.0853682164628464,-0.119361301853179
4,8,6,2,6.16666666666667,M+,Uninf,MID,7,8,871.49,Uninf,9.25,10,0.235430286234321,0.309982741163821
4,8,6,3,6.16666666666667,M+,Uninf,MID,8,8.875,832.78,Uninf,9.25,10,0.0671111613451691,0.0967685382910325
4,8,6,4,6.16666666666667,M+,Uninf,MID,9,10.25,1026.8,Uninf,9.25,10,-0.166466195773108,-0.157889894585441
4,8,6,5,6.16666666666667,M+,Uninf,MID,10,9.875,979.97,Uninf,9.25,10,-0.106026096101922,-0.110404610364064
4,8,6,6,6.16666666666667,M+,Uninf,STD,6,9.25,984.07,Uninf,9.25,10,0,0
4,8,6,7,6.16666666666667,M+,Uninf,STD,7,9.5,1124.34,Uninf,9.25,10,-0.0432458060791805,-0.0342096533433445
4,8,6,8,6.16666666666667,M+,Uninf,STD,8,9.875,927.7,Uninf,9.25,10,-0.106026096101922,-0.123196298018765
4,8,6,9,6.16666666666667,M+,Uninf,STD,9,9.5,939.83,Uninf,9.25,10,-0.0432458060791805,-0.0489604486460059
4,8,6,10,6.16666666666667,M+,Uninf,STD,10,10.625,1026.98,Uninf,9.25,10,-0.2247343188424,-0.213081343301218
4,8,7,1,6.26666666666667,SM,Metsch,MID,6,17.125,787.99,Metsch,19.125,10,0.176261163134538,0.283867203569533
4,8,7,2,6.26666666666667,SM,Metsch,MID,7,18,837.86,Metsch,19.125,10,0.0967414177921835,0.137806446186383
4,8,7,4,6.26666666666667,SM,Metsch,MID,10,15.875,884.68,Metsch,19.125,10,0.297208779149751,0.379742508756843
4,8,7,5,6.26666666666667,SM,Metsch,STD,6,16.25,1184.74,Metsch,19.125,10,0.259952347239659,0.185202839081621
4,8,7,6,6.26666666666667,SM,Metsch,STD,7,16.75,1052.3,Metsch,19.125,10,0.211592746981156,0.19108281736524
4,8,7,7,6.26666666666667,SM,Metsch,STD,8,15,1178.97,Metsch,19.125,10,0.387680072250622,0.278912494141853
4,8,7,8,6.26666666666667,SM,Metsch,STD,9,17.375,1058.35,Metsch,19.125,10,0.153134023821932,0.136714023917466
4,8,7,9,6.26666666666667,SM,Metsch,STD,10,16.875,1083.72,Metsch,19.125,10,0.199728419607457,0.170061376081124
4,8,8,1,6.33333333333333,M+,Metsch,MID,6,9.875,847.32,Metsch,10.125,10,0.0394757403243429,0.0549838781411037
4,8,8,2,6.33333333333333,M+,Metsch,MID,7,9.375,801.05,Metsch,10.125,10,0.121517433372835,0.189373557830207
4,8,8,3,6.33333333333333,M+,Metsch,MID,8,9.25,873.69,Metsch,10.125,10,0.14271167600253,0.186958311303884
4,8,8,4,6.33333333333333,M+,Metsch,MID,9,8.625,878.22,Metsch,10.125,10,0.253172605381862,0.32825402835982
4,8,8,5,6.33333333333333,M+,Metsch,MID,10,9.75,801.98,Metsch,10.125,10,0.0595899915518637,0.0926501758889032
4,8,8,6,6.33333333333333,M+,Metsch,STD,6,8.875,951.16,Metsch,10.125,10,0.208056754154405,0.229971841292064
4,8,8,7,6.33333333333333,M+,Metsch,STD,7,9.125,896.16,Metsch,10.125,10,0.164194284511654,0.204449910564039
4,8,8,8,6.33333333333333,M+,Metsch,STD,8,9.375,1162.68,Metsch,10.125,10,0.121517433372835,0.0898914082319864
4,8,8,9,6.33333333333333,M+,Metsch,STD,9,9.625,923.03,Metsch,10.125,10,0.0799637886611921,0.0938559326366075
4,8,8,10,6.33333333333333,M+,Metsch,STD,10,9.625,942.67,Metsch,10.125,10,0.0799637886611921,0.089985801755228
4,15,1,1,6.08333333333333,S,Uninf,MID,6,32,1211.25,Uninf,23.25,10,-0.5250916779721,-0.357904826613826
4,15,1,2,6.08333333333333,S,Uninf,MID,7,31.625,1441.21,Uninf,23.25,10,-0.505714216461894,-0.243472900092101
4,15,1,3,6.08333333333333,S,Uninf,MID,8,33.5,1250.15,Uninf,23.25,10,-0.600395024872858,-0.384160611839875
4,15,1,4,6.08333333333333,S,Uninf,MID,9,32,1262.55,Uninf,23.25,10,-0.5250916779721,-0.329410897926217
4,15,1,5,6.08333333333333,S,Uninf,MID,10,31.5,1277.71,Uninf,23.25,10,-0.499203967887488,-0.305783073131347
4,15,1,6,6.08333333333333,S,Uninf,STD,6,22.375,1344.81,Uninf,23.25,10,0.0630589608862131,0.0348678324382712
4,15,1,7,6.08333333333333,S,Uninf,STD,8,22.125,1368.9,Uninf,23.25,10,0.0815292183112971,0.0435080712842355
4,15,1,8,6.08333333333333,S,Uninf,STD,9,24.375,1486.82,Uninf,23.25,10,-0.0776759750967873,-0.0351374244684152
4,15,1,9,6.08333333333333,S,Uninf,STD,10,26,1327.01,Uninf,23.25,10,-0.183766694774986,-0.104356237616624
4,15,2,1,6.1,M,Uninf,MID,6,7.625,1159.22,Uninf,9.5,10,0.360425370677082,0.268215346303163
4,15,2,2,6.1,M,Uninf,MID,7,9.75,964.27,Uninf,9.5,10,-0.0425827645955092,-0.0457969486550247
4,15,2,3,6.1,M,Uninf,MID,8,9.375,1083.06,Uninf,9.5,10,0.0217134864754442,0.0185107719050043
4,15,2,4,6.1,M,Uninf,MID,10,9,1039.69,Uninf,9.5,10,0.0886347889676652,0.0819967202042974
4,15,2,5,6.1,M,Uninf,STD,6,10.625,1183.46,Uninf,9.5,10,-0.183471993777025,-0.130997381007201
4,15,2,6,6.1,M,Uninf,STD,7,8.5,1219.81,Uninf,9.5,10,0.182337106738073,0.122543612962388
4,15,2,7,6.1,M,Uninf,STD,8,11.75,1223.93,Uninf,9.5,10,-0.348461380301103,-0.232617022575631
4,15,2,8,6.1,M,Uninf,STD,9,10.5,1165.7,Uninf,9.5,10,-0.164071243536037,-0.120742142193424
4,15,2,9,6.1,M,Uninf,STD,10,10,1140.37,Uninf,9.5,10,-0.0840873678484436,-0.064660519684528
4,15,3,1,6.25,S,Metsch,MID,6,26.375,1258.7,Metsch,26.125,10,-0.0152382104180084,-0.00961810473325622
4,15,3,2,6.25,S,Metsch,MID,7,25.75,1184.7,Metsch,26.125,10,0.0231329330803682,0.0164821523668267
4,15,3,3,6.25,S,Metsch,MID,8,25.25,1290.94,Metsch,26.125,10,0.0545064873017701,0.0327066511818562
4,15,3,4,6.25,S,Metsch,MID,10,23.875,1220.18,Metsch,26.125,10,0.14409731826909,0.0967850088399441
4,15,3,5,6.25,S,Metsch,STD,6,23.375,1250.31,Metsch,26.125,10,0.177961016176359,0.113838579415952
4,15,3,6,6.25,S,Metsch,STD,7,22.375,1406.27,Metsch,26.125,10,0.24791751379849,0.125363117611225
4,15,3,7,6.25,S,Metsch,STD,8,26.875,1276.51,Metsch,26.125,10,-0.0452860418605624,-0.02779175169715
4,15,3,9,6.25,S,Metsch,STD,9,26,1326.55,Metsch,26.125,10,0.00767387562158888,0.00436081344450624
4,15,3,10,6.25,S,Metsch,STD,10,27.375,1394.62,Metsch,26.125,10,-0.0747799645627033,-0.0384479755164801
4,15,4,1,6.3,M,Metsch,MID,7,8.875,1042.05,Metsch,8.75,10,-0.0225152936380263,-0.020734830973215
4,15,4,2,6.3,M,Metsch,MID,9,10.25,1073.5,Metsch,8.75,10,-0.251149214626816,-0.217935373370553
4,15,4,3,6.3,M,Metsch,STD,6,10.375,1258.57,Metsch,8.75,10,-0.270389469440062,-0.170700590212468
4,15,5,1,6.23333333333333,SM,Uninf,MID,6,17.125,1123.17,Uninf,18,10,0.0799449846222604,0.0633724114952876
4,15,5,2,6.23333333333333,SM,Uninf,MID,8,20.375,1089.19,Uninf,18,10,-0.198829253311383,-0.167599605026376
4,15,5,3,6.23333333333333,SM,Uninf,MID,9,17.125,1104.76,Uninf,18,10,0.0799449846222604,0.0655021176245584
4,15,5,4,6.23333333333333,SM,Uninf,MID,10,17.75,1140.71,Uninf,18,10,0.02243782134985,0.0172436892683277
4,15,5,5,6.23333333333333,SM,Uninf,STD,6,17.25,1344.99,Uninf,18,10,0.0682774562868379,0.0377432437784559
4,15,5,6,6.23333333333333,SM,Uninf,STD,7,17.75,1354.97,Uninf,18,10,0.02243782134985,0.0122214103509006
4,15,5,7,6.23333333333333,SM,Uninf,STD,8,15.5,1234.02,Uninf,18,10,0.239890482306359,0.157531939763691
4,15,5,8,6.23333333333333,SM,Uninf,STD,9,18.375,1415.52,Uninf,18,10,-0.0330790703787205,-0.0165090193369004
4,15,5,9,6.23333333333333,SM,Uninf,STD,10,16.625,1262.66,Uninf,18,10,0.127482627841037,0.0799609898976914
4,15,6,1,6.38333333333333,SM,Metsch,MID,6,15.375,923.73,Metsch,18.75,10,0.310889199045177,0.364347284539919
4,15,6,2,6.38333333333333,SM,Metsch,MID,7,14.625,1026.12,Metsch,18.75,10,0.389234505428459,0.369670698669259
4,15,6,3,6.38333333333333,SM,Metsch,STD,6,14.25,1308.22,Metsch,18.75,10,0.429927173423123,0.251207919555732
4,15,6,4,6.38333333333333,SM,Metsch,STD,7,19.875,1296.62,Metsch,18.75,10,-0.0912828847895185,-0.0542955109146756
4,15,6,5,6.38333333333333,SM,Metsch,STD,9,15.375,1246.98,Metsch,18.75,10,0.310889199045177,0.199934001457996
4,15,6,6,6.38333333333333,SM,Metsch,STD,10,15.75,1258.46,Metsch,18.75,10,0.273138465500957,0.172466215273567
4,15,7,1,6.13333333333333,M+,Uninf,MID,6,7.5,1049.24,Uninf,8.75,10,0.251332630153139,0.228296471162878
4,15,7,2,6.13333333333333,M+,Uninf,MID,7,10.125,1070.93,Uninf,8.75,10,-0.2379683357985,-0.207489920430454
4,15,7,3,6.13333333333333,M+,Uninf,MID,8,7.625,1042.64,Uninf,8.75,10,0.224382681319643,0.206405168911475
4,15,7,4,6.13333333333333,M+,Uninf,MID,9,8.375,1129.3,Uninf,8.75,10,0.071417319551728,0.0559995954827943
4,15,7,5,6.13333333333333,M+,Uninf,MID,10,7.875,1172.57,Uninf,8.75,10,0.171783449442108,0.124940650258662
4,15,7,6,6.13333333333333,M+,Uninf,STD,6,8.875,1171.69,Uninf,8.75,10,-0.0231271222694944,-0.0168459749165756
4,15,7,7,6.13333333333333,M+,Uninf,STD,7,7.5,1227.65,Uninf,8.75,10,0.251332630153139,0.166763015531213
4,15,7,8,6.13333333333333,M+,Uninf,STD,8,8,1164.55,Uninf,8.75,10,0.146106780472316,0.107734324150371
4,15,7,9,6.13333333333333,M+,Uninf,STD,9,7.625,1233.76,Uninf,8.75,10,0.224382681319643,0.14741034474611
4,15,7,10,6.13333333333333,M+,Uninf,STD,10,10.625,1256.28,Uninf,8.75,10,-0.316558719197213,-0.200577118715356
4,15,8,1,6.33333333333333,M+,Metsch,MID,6,6.75,995.26,Metsch,9.375,10,0.518690632061109,0.523643002725418
4,15,8,2,6.33333333333333,M+,Metsch,MID,7,7.125,955.35,Metsch,9.375,10,0.433321335318569,0.474771954833692
4,15,8,3,6.33333333333333,M+,Metsch,MID,8,7,1022.44,Metsch,9.375,10,0.461268036001833,0.441242866709888
4,15,8,4,6.33333333333333,M+,Metsch,MID,10,7.75,924.78,Metsch,9.375,10,0.300558518670346,0.351440804169943
4,15,8,5,6.33333333333333,M+,Metsch,STD,6,7.625,1170.89,Metsch,9.375,10,0.326233025309999,0.237955490336241
4,15,8,6,6.33333333333333,M+,Metsch,STD,7,7.375,1136.56,Metsch,9.375,10,0.378869478364091,0.293295152482708
4,15,8,7,6.33333333333333,M+,Metsch,STD,8,5.75,1237.95,Metsch,9.375,10,0.771863237442971,0.503656158126876
4,15,8,8,6.33333333333333,M+,Metsch,STD,9,9.75,1186.3,Metsch,9.375,10,-0.0619274418209709,-0.0440041948615877
4,15,8,9,6.33333333333333,M+,Metsch,STD,10,8.5,1250.34,Metsch,9.375,10,0.154705907937164,0.0989579406387729
4,22,1,1,6.05,M,Uninf,MID,6,13.5,1241.94,Uninf,12.125,10,-0.177554129951796,-0.115114372034737
4,22,1,2,6.05,M,Uninf,MID,7,12.375,1161.73,Uninf,12.125,10,-0.0337336721176975,-0.0249950039849554
4,22,1,3,6.05,M,Uninf,MID,8,11.125,1308.98,Uninf,12.125,10,0.142272080613625,0.0830335604641298
4,22,1,4,6.05,M,Uninf,MID,10,11,1235.33,Uninf,12.125,10,0.160949031446573,0.105468408045806
4,22,1,5,6.05,M,Uninf,STD,6,12.125,1503.29,Uninf,12.125,10,0,0
4,22,1,6,6.05,M,Uninf,STD,7,13.125,1502.04,Uninf,12.125,10,-0.130990696948992,-0.0580600567905341
4,22,1,7,6.05,M,Uninf,STD,8,13.125,1493.09,Uninf,12.125,10,-0.130990696948992,-0.05875819948082
4,22,1,8,6.05,M,Uninf,STD,9,13.25,1432.02,Uninf,12.125,10,-0.146658042328403,-0.0715167411582344
4,22,1,9,6.05,M,Uninf,STD,10,12.625,1470.54,Uninf,12.125,10,-0.0667926253518619,-0.0308869361124805
4,22,2,1,6.18333333333333,M,Metsch,MID,7,10.875,1258.63,Metsch,11,10,0.0184830660220313,0.0116675012626969
4,22,2,2,6.18333333333333,M,Metsch,MID,9,10.5,1312.25,Metsch,11,10,0.0752345266332502,0.0436901997111572
4,22,2,3,6.18333333333333,M,Metsch,STD,6,13.875,1582.57,Metsch,11,10,-0.375514911322039,-0.149934415017218
4,22,3,1,6.15,S,Uninf,MID,6,36.5,1381.12,Both,43,10,0.266484317244092,0.139703995488629
4,22,3,2,6.15,S,Uninf,MID,7,33,1591.14,Both,43,10,0.430394397117207,0.170000352401891
4,22,3,3,6.15,S,Uninf,MID,8,29.5,1459.43,Both,43,10,0.612698946906972,0.287660741219593
4,22,3,4,6.15,S,Uninf,MID,9,34.75,1464.02,Both,43,10,0.346374867776848,0.161604092097672
4,22,3,5,6.15,S,Uninf,MID,10,32.375,1429.73,Both,43,10,0.461485521420912,0.22576157173876
4,22,3,6,6.15,S,Uninf,STD,6,34.25,1602.93,Both,43,10,0.369940733309477,0.143980288308562
4,22,3,7,6.15,S,Uninf,STD,8,41.25,1558.36,Both,43,10,0.0675593543298739,0.0278195375230291
4,22,3,8,6.15,S,Uninf,STD,9,32.625,1702,Both,43,10,0.44897764235887,0.154990687101671
4,22,3,9,6.15,S,Metsch,MID,6,35,1492.53,Both,43,10,0.334718787323819,0.150256736142069
4,22,3,10,6.15,S,Metsch,MID,10,42.125,1307.39,Both,43,10,0.0334288244244497,0.0195573850638837
4,22,4,1,6.13333333333333,SM,Uninf,MID,6,19.5,1263.92,Uninf,24.625,10,0.380458241557258,0.238159452987809
4,22,4,2,6.13333333333333,SM,Uninf,MID,8,18.75,1271.19,Uninf,24.625,10,0.444405056481086,0.275016060194247
4,22,4,3,6.13333333333333,SM,Uninf,MID,9,20.25,1336.08,Uninf,24.625,10,0.318925098106964,0.178658536359999
4,22,4,4,6.13333333333333,SM,Uninf,MID,10,22.25,1274.53,Uninf,24.625,10,0.165358986596582,0.101795288435643
4,22,4,6,6.13333333333333,SM,Uninf,STD,6,20.25,1559.5,Uninf,24.625,10,0.318925098106964,0.131134794379724
4,22,4,7,6.13333333333333,SM,Uninf,STD,7,18.875,1549.77,Uninf,24.625,10,0.433571562918039,0.180520401421321
4,22,4,8,6.13333333333333,SM,Uninf,STD,8,22.375,1553.26,Uninf,24.625,10,0.156224874288968,0.0647532942042166
4,22,4,9,6.13333333333333,SM,Uninf,STD,9,21.25,1607.51,Uninf,24.625,10,0.24033471470825,0.0930056087473438
4,22,4,10,6.13333333333333,SM,Uninf,STD,10,21.875,1516.48,Uninf,24.625,10,0.193072426327947,0.0839550607710619
4,22,5,1,6.31666666666667,SM,Metsch,MID,6,21.125,1165.86,Metsch,21.75,10,0.0461581809363407,0.0339590772504284
4,22,5,2,6.31666666666667,SM,Metsch,STD,6,20.125,1287.93,Metsch,21.75,10,0.122930238886648,0.0741095552101256
4,22,5,3,6.31666666666667,SM,Metsch,STD,7,21.25,1220.24,Metsch,21.75,10,0.0368182514473884,0.0247270692363373
4,22,5,4,6.31666666666667,SM,Metsch,STD,9,23,1239.61,Metsch,21.75,10,-0.0884651056376624,-0.0575707461673029
4,22,6,1,6.05,M+,Uninf,MID,6,10.5,1273.21,Uninf,10.625,10,0.0195610870198394,0.0120668219085811
4,22,6,2,6.05,M+,Uninf,MID,7,9.625,1216.23,Uninf,10.625,10,0.163381544853938,0.110451488964429
4,22,6,3,6.05,M+,Uninf,MID,8,10.875,1246.5,Uninf,10.625,10,-0.0384410944863925,-0.0247406541679028
4,22,6,4,6.05,M+,Uninf,MID,9,10.75,1373.64,Uninf,10.625,10,-0.0193322971292415,-0.0102456048879347
4,22,6,5,6.05,M+,Uninf,MID,10,11,1303.22,Uninf,10.625,10,-0.0573315008064301,-0.0337565332007306
4,22,6,6,6.05,M+,Uninf,STD,6,11.625,1428.29,Uninf,10.625,10,-0.148674771343702,-0.0728793495937792
4,22,6,7,6.05,M+,Uninf,STD,7,11.875,1489.19,Uninf,10.625,10,-0.183844024975578,-0.0828990010333938
4,22,6,8,6.05,M+,Uninf,STD,8,12.125,1408.82,Uninf,10.625,10,-0.218280532253003,-0.109977536527755
4,22,6,9,6.05,M+,Uninf,STD,9,12.25,1548.61,Uninf,10.625,10,-0.235233425091332,-0.0980877818221853
4,22,6,10,6.05,M+,Uninf,STD,10,13,1552.15,Uninf,10.625,10,-0.333453954795134,-0.138410326811737
4,22,7,1,6.18333333333333,M+,Metsch,MID,6,10.5,1099.12,Metsch,9.375,10,-0.18328089267979,-0.151714458167873
4,22,7,2,6.18333333333333,M+,Metsch,MID,7,10.25,1132.27,Metsch,9.375,10,-0.144309111150312,-0.11256250525688
4,22,7,3,6.18333333333333,M+,Metsch,MID,8,10.125,1318.67,Metsch,9.375,10,-0.124465295637944,-0.0715774171555136
4,22,7,4,6.18333333333333,M+,Metsch,MID,10,10.5,1180.72,Metsch,9.375,10,-0.18328089267979,-0.131468997705659
4,22,7,5,6.18333333333333,M+,Metsch,STD,6,10.25,1403.31,Metsch,9.375,10,-0.144309111150312,-0.0732801773478068
4,22,7,6,6.18333333333333,M+,Metsch,STD,7,11.875,1467.92,Metsch,9.375,10,-0.382299910616006,-0.177418711618762
4,22,7,7,6.18333333333333,M+,Metsch,STD,9,12.75,1494.81,Metsch,9.375,10,-0.497279837867322,-0.222550647467509
